Driver,Team,LapNumber,LapTime,Compound,TyreLife,Stint,Position,LapTimeSeconds
LEC,Ferrari,1.0,0 days 00:40:56.330000,MEDIUM,1.0,1.0,1.0,2456.33
LEC,Ferrari,3.0,0 days 00:01:24.624000,HARD,2.0,2.0,1.0,84.624
LEC,Ferrari,4.0,0 days 00:01:22.625000,HARD,3.0,2.0,1.0,82.625
LEC,Ferrari,5.0,0 days 00:01:21.795000,HARD,4.0,2.0,1.0,81.795
LEC,Ferrari,6.0,0 days 00:01:21.145000,HARD,5.0,2.0,1.0,81.145
LEC,Ferrari,7.0,0 days 00:01:20.980000,HARD,6.0,2.0,1.0,80.98
LEC,Ferrari,8.0,0 days 00:01:21.030000,HARD,7.0,2.0,1.0,81.03
LEC,Ferrari,9.0,0 days 00:01:20.114000,HARD,8.0,2.0,1.0,80.114
LEC,Ferrari,10.0,0 days 00:01:20.775000,HARD,9.0,2.0,1.0,80.775
LEC,Ferrari,11.0,0 days 00:01:21.046000,HARD,10.0,2.0,1.0,81.046
LEC,Ferrari,12.0,0 days 00:01:20.252000,HARD,11.0,2.0,1.0,80.252
LEC,Ferrari,13.0,0 days 00:01:19.017000,HARD,12.0,2.0,1.0,79.017
LEC,Ferrari,14.0,0 days 00:01:19.913000,HARD,13.0,2.0,1.0,79.913
LEC,Ferrari,15.0,0 days 00:01:19.838000,HARD,14.0,2.0,1.0,79.838
LEC,Ferrari,16.0,0 days 00:01:20.156000,HARD,15.0,2.0,1.0,80.156
LEC,Ferrari,17.0,0 days 00:01:20.279000,HARD,16.0,2.0,1.0,80.279
LEC,Ferrari,18.0,0 days 00:01:19.580000,HARD,17.0,2.0,1.0,79.58
LEC,Ferrari,19.0,0 days 00:01:18.842000,HARD,18.0,2.0,1.0,78.842
LEC,Ferrari,20.0,0 days 00:01:18.724000,HARD,19.0,2.0,1.0,78.724
LEC,Ferrari,21.0,0 days 00:01:18.472000,HARD,20.0,2.0,1.0,78.472
LEC,Ferrari,22.0,0 days 00:01:18.620000,HARD,21.0,2.0,1.0,78.62
LEC,Ferrari,23.0,0 days 00:01:18.458000,HARD,22.0,2.0,1.0,78.458
LEC,Ferrari,24.0,0 days 00:01:18.725000,HARD,23.0,2.0,1.0,78.725
LEC,Ferrari,25.0,0 days 00:01:18.973000,HARD,24.0,2.0,1.0,78.973
LEC,Ferrari,26.0,0 days 00:01:18.445000,HARD,25.0,2.0,1.0,78.445
LEC,Ferrari,27.0,0 days 00:01:18.351000,HARD,26.0,2.0,1.0,78.351
LEC,Ferrari,28.0,0 days 00:01:18.710000,HARD,27.0,2.0,1.0,78.71
LEC,Ferrari,29.0,0 days 00:01:19.053000,HARD,28.0,2.0,1.0,79.053
LEC,Ferrari,30.0,0 days 00:01:19.935000,HARD,29.0,2.0,1.0,79.935
LEC,Ferrari,31.0,0 days 00:01:18.393000,HARD,30.0,2.0,1.0,78.393
LEC,Ferrari,32.0,0 days 00:01:19.125000,HARD,31.0,2.0,1.0,79.125
LEC,Ferrari,33.0,0 days 00:01:18.494000,HARD,32.0,2.0,1.0,78.494
LEC,Ferrari,34.0,0 days 00:01:19.319000,HARD,33.0,2.0,1.0,79.319
LEC,Ferrari,35.0,0 days 00:01:18.530000,HARD,34.0,2.0,1.0,78.53
LEC,Ferrari,36.0,0 days 00:01:18.689000,HARD,35.0,2.0,1.0,78.689
LEC,Ferrari,37.0,0 days 00:01:18.925000,HARD,36.0,2.0,1.0,78.925
LEC,Ferrari,38.0,0 days 00:01:18.528000,HARD,37.0,2.0,1.0,78.528
LEC,Ferrari,39.0,0 days 00:01:18.181000,HARD,38.0,2.0,1.0,78.181
LEC,Ferrari,40.0,0 days 00:01:18.733000,HARD,39.0,2.0,1.0,78.733
LEC,Ferrari,41.0,0 days 00:01:18.694000,HARD,40.0,2.0,1.0,78.694
LEC,Ferrari,42.0,0 days 00:01:19.277000,HARD,41.0,2.0,1.0,79.277
LEC,Ferrari,43.0,0 days 00:01:17.865000,HARD,42.0,2.0,1.0,77.865
LEC,Ferrari,44.0,0 days 00:01:18.276000,HARD,43.0,2.0,1.0,78.276
LEC,Ferrari,45.0,0 days 00:01:18.541000,HARD,44.0,2.0,1.0,78.541
LEC,Ferrari,46.0,0 days 00:01:18.567000,HARD,45.0,2.0,1.0,78.567
LEC,Ferrari,47.0,0 days 00:01:19.185000,HARD,46.0,2.0,1.0,79.185
LEC,Ferrari,48.0,0 days 00:01:17.941000,HARD,47.0,2.0,1.0,77.941
LEC,Ferrari,49.0,0 days 00:01:18.506000,HARD,48.0,2.0,1.0,78.506
LEC,Ferrari,50.0,0 days 00:01:18.185000,HARD,49.0,2.0,1.0,78.185
LEC,Ferrari,51.0,0 days 00:01:17.790000,HARD,50.0,2.0,1.0,77.79
LEC,Ferrari,52.0,0 days 00:01:18.311000,HARD,51.0,2.0,1.0,78.311
LEC,Ferrari,53.0,0 days 00:01:17.748000,HARD,52.0,2.0,1.0,77.748
LEC,Ferrari,54.0,0 days 00:01:17.357000,HARD,53.0,2.0,1.0,77.357
LEC,Ferrari,55.0,0 days 00:01:17.444000,HARD,54.0,2.0,1.0,77.444
LEC,Ferrari,56.0,0 days 00:01:17.266000,HARD,55.0,2.0,1.0,77.266
LEC,Ferrari,57.0,0 days 00:01:17.640000,HARD,56.0,2.0,1.0,77.64
LEC,Ferrari,58.0,0 days 00:01:17.028000,HARD,57.0,2.0,1.0,77.028
LEC,Ferrari,59.0,0 days 00:01:17.034000,HARD,58.0,2.0,1.0,77.034
LEC,Ferrari,60.0,0 days 00:01:16.414000,HARD,59.0,2.0,1.0,76.414
LEC,Ferrari,61.0,0 days 00:01:16.863000,HARD,60.0,2.0,1.0,76.863
LEC,Ferrari,62.0,0 days 00:01:17.454000,HARD,61.0,2.0,1.0,77.454
LEC,Ferrari,63.0,0 days 00:01:16.971000,HARD,62.0,2.0,1.0,76.971
LEC,Ferrari,64.0,0 days 00:01:16.560000,HARD,63.0,2.0,1.0,76.56
LEC,Ferrari,65.0,0 days 00:01:16.607000,HARD,64.0,2.0,1.0,76.607
LEC,Ferrari,66.0,0 days 00:01:16.489000,HARD,65.0,2.0,1.0,76.489
LEC,Ferrari,67.0,0 days 00:01:15.941000,HARD,66.0,2.0,1.0,75.941
LEC,Ferrari,68.0,0 days 00:01:16.082000,HARD,67.0,2.0,1.0,76.082
LEC,Ferrari,69.0,0 days 00:01:16.373000,HARD,68.0,2.0,1.0,76.373
LEC,Ferrari,70.0,0 days 00:01:15.767000,HARD,69.0,2.0,1.0,75.767
LEC,Ferrari,71.0,0 days 00:01:15.162000,HARD,70.0,2.0,1.0,75.162
LEC,Ferrari,72.0,0 days 00:01:15.547000,HARD,71.0,2.0,1.0,75.547
LEC,Ferrari,73.0,0 days 00:01:16.219000,HARD,72.0,2.0,1.0,76.219
LEC,Ferrari,74.0,0 days 00:01:16.105000,HARD,73.0,2.0,1.0,76.105
LEC,Ferrari,75.0,0 days 00:01:16.387000,HARD,74.0,2.0,1.0,76.387
LEC,Ferrari,76.0,0 days 00:01:16.808000,HARD,75.0,2.0,1.0,76.808
LEC,Ferrari,77.0,0 days 00:01:16.933000,HARD,76.0,2.0,1.0,76.933
LEC,Ferrari,78.0,0 days 00:01:18.636000,HARD,77.0,2.0,1.0,78.636
PIA,McLaren,1.0,0 days 00:40:58.744000,MEDIUM,2.0,1.0,2.0,2458.744
PIA,McLaren,3.0,0 days 00:01:24.953000,HARD,3.0,2.0,2.0,84.953
PIA,McLaren,4.0,0 days 00:01:22.314000,HARD,4.0,2.0,2.0,82.314
PIA,McLaren,5.0,0 days 00:01:22.019000,HARD,5.0,2.0,2.0,82.019
PIA,McLaren,6.0,0 days 00:01:21.354000,HARD,6.0,2.0,2.0,81.354
PIA,McLaren,7.0,0 days 00:01:20.808000,HARD,7.0,2.0,2.0,80.808
PIA,McLaren,8.0,0 days 00:01:21.058000,HARD,8.0,2.0,2.0,81.058
PIA,McLaren,9.0,0 days 00:01:19.906000,HARD,9.0,2.0,2.0,79.906
PIA,McLaren,10.0,0 days 00:01:20.890000,HARD,10.0,2.0,2.0,80.89
PIA,McLaren,11.0,0 days 00:01:20.898000,HARD,11.0,2.0,2.0,80.898
PIA,McLaren,12.0,0 days 00:01:20.135000,HARD,12.0,2.0,2.0,80.135
PIA,McLaren,13.0,0 days 00:01:18.745000,HARD,13.0,2.0,2.0,78.745
PIA,McLaren,14.0,0 days 00:01:20.014000,HARD,14.0,2.0,2.0,80.014
PIA,McLaren,15.0,0 days 00:01:20.264000,HARD,15.0,2.0,2.0,80.264
PIA,McLaren,16.0,0 days 00:01:19.829000,HARD,16.0,2.0,2.0,79.829
PIA,McLaren,17.0,0 days 00:01:20.028000,HARD,17.0,2.0,2.0,80.028
PIA,McLaren,18.0,0 days 00:01:19.832000,HARD,18.0,2.0,2.0,79.832
PIA,McLaren,19.0,0 days 00:01:19.179000,HARD,19.0,2.0,2.0,79.179
PIA,McLaren,20.0,0 days 00:01:19.055000,HARD,20.0,2.0,2.0,79.055
PIA,McLaren,21.0,0 days 00:01:18.601000,HARD,21.0,2.0,2.0,78.601
PIA,McLaren,22.0,0 days 00:01:18.585000,HARD,22.0,2.0,2.0,78.585
PIA,McLaren,23.0,0 days 00:01:18.658000,HARD,23.0,2.0,2.0,78.658
PIA,McLaren,24.0,0 days 00:01:18.636000,HARD,24.0,2.0,2.0,78.636
PIA,McLaren,25.0,0 days 00:01:18.784000,HARD,25.0,2.0,2.0,78.784
PIA,McLaren,26.0,0 days 00:01:18.440000,HARD,26.0,2.0,2.0,78.44
PIA,McLaren,27.0,0 days 00:01:18.523000,HARD,27.0,2.0,2.0,78.523
PIA,McLaren,28.0,0 days 00:01:18.791000,HARD,28.0,2.0,2.0,78.791
PIA,McLaren,29.0,0 days 00:01:19.010000,HARD,29.0,2.0,2.0,79.01
PIA,McLaren,30.0,0 days 00:01:19.396000,HARD,30.0,2.0,2.0,79.396
PIA,McLaren,31.0,0 days 00:01:18.449000,HARD,31.0,2.0,2.0,78.449
PIA,McLaren,32.0,0 days 00:01:18.969000,HARD,32.0,2.0,2.0,78.969
PIA,McLaren,33.0,0 days 00:01:19.060000,HARD,33.0,2.0,2.0,79.06
PIA,McLaren,34.0,0 days 00:01:18.978000,HARD,34.0,2.0,2.0,78.978
PIA,McLaren,35.0,0 days 00:01:18.605000,HARD,35.0,2.0,2.0,78.605
PIA,McLaren,36.0,0 days 00:01:18.882000,HARD,36.0,2.0,2.0,78.882
PIA,McLaren,37.0,0 days 00:01:18.612000,HARD,37.0,2.0,2.0,78.612
PIA,McLaren,38.0,0 days 00:01:18.731000,HARD,38.0,2.0,2.0,78.731
PIA,McLaren,39.0,0 days 00:01:18.362000,HARD,39.0,2.0,2.0,78.362
PIA,McLaren,40.0,0 days 00:01:18.951000,HARD,40.0,2.0,2.0,78.951
PIA,McLaren,41.0,0 days 00:01:18.846000,HARD,41.0,2.0,2.0,78.846
PIA,McLaren,42.0,0 days 00:01:19.795000,HARD,42.0,2.0,2.0,79.795
PIA,McLaren,43.0,0 days 00:01:18.198000,HARD,43.0,2.0,2.0,78.198
PIA,McLaren,44.0,0 days 00:01:18.277000,HARD,44.0,2.0,2.0,78.277
PIA,McLaren,45.0,0 days 00:01:18.082000,HARD,45.0,2.0,2.0,78.082
PIA,McLaren,46.0,0 days 00:01:18.623000,HARD,46.0,2.0,2.0,78.623
PIA,McLaren,47.0,0 days 00:01:18.399000,HARD,47.0,2.0,2.0,78.399
PIA,McLaren,48.0,0 days 00:01:18.395000,HARD,48.0,2.0,2.0,78.395
PIA,McLaren,49.0,0 days 00:01:18.136000,HARD,49.0,2.0,2.0,78.136
PIA,McLaren,50.0,0 days 00:01:18.350000,HARD,50.0,2.0,2.0,78.35
PIA,McLaren,51.0,0 days 00:01:17.909000,HARD,51.0,2.0,2.0,77.909
PIA,McLaren,52.0,0 days 00:01:18.214000,HARD,52.0,2.0,2.0,78.214
PIA,McLaren,53.0,0 days 00:01:17.609000,HARD,53.0,2.0,2.0,77.609
PIA,McLaren,54.0,0 days 00:01:17.362000,HARD,54.0,2.0,2.0,77.362
PIA,McLaren,55.0,0 days 00:01:17.445000,HARD,55.0,2.0,2.0,77.445
PIA,McLaren,56.0,0 days 00:01:17.456000,HARD,56.0,2.0,2.0,77.456
PIA,McLaren,57.0,0 days 00:01:17.300000,HARD,57.0,2.0,2.0,77.3
PIA,McLaren,58.0,0 days 00:01:17.344000,HARD,58.0,2.0,2.0,77.344
PIA,McLaren,59.0,0 days 00:01:17.042000,HARD,59.0,2.0,2.0,77.042
PIA,McLaren,60.0,0 days 00:01:16.617000,HARD,60.0,2.0,2.0,76.617
PIA,McLaren,61.0,0 days 00:01:16.771000,HARD,61.0,2.0,2.0,76.771
PIA,McLaren,62.0,0 days 00:01:17.095000,HARD,62.0,2.0,2.0,77.095
PIA,McLaren,63.0,0 days 00:01:16.921000,HARD,63.0,2.0,2.0,76.921
PIA,McLaren,64.0,0 days 00:01:16.909000,HARD,64.0,2.0,2.0,76.909
PIA,McLaren,65.0,0 days 00:01:16.391000,HARD,65.0,2.0,2.0,76.391
PIA,McLaren,66.0,0 days 00:01:16.640000,HARD,66.0,2.0,2.0,76.64
PIA,McLaren,67.0,0 days 00:01:16.596000,HARD,67.0,2.0,2.0,76.596
PIA,McLaren,68.0,0 days 00:01:16.601000,HARD,68.0,2.0,2.0,76.601
PIA,McLaren,69.0,0 days 00:01:17.371000,HARD,69.0,2.0,2.0,77.371
PIA,McLaren,70.0,0 days 00:01:17.270000,HARD,70.0,2.0,2.0,77.27
PIA,McLaren,71.0,0 days 00:01:17.184000,HARD,71.0,2.0,2.0,77.184
PIA,McLaren,72.0,0 days 00:01:16.652000,HARD,72.0,2.0,2.0,76.652
PIA,McLaren,73.0,0 days 00:01:16.281000,HARD,73.0,2.0,2.0,76.281
PIA,McLaren,74.0,0 days 00:01:16.356000,HARD,74.0,2.0,2.0,76.356
PIA,McLaren,75.0,0 days 00:01:16.644000,HARD,75.0,2.0,2.0,76.644
PIA,McLaren,76.0,0 days 00:01:16.590000,HARD,76.0,2.0,2.0,76.59
PIA,McLaren,77.0,0 days 00:01:16.734000,HARD,77.0,2.0,2.0,76.734
PIA,McLaren,78.0,0 days 00:01:17.126000,HARD,78.0,2.0,2.0,77.126
SAI,Ferrari,1.0,0 days 00:41:02.721000,MEDIUM,1.0,1.0,3.0,2462.721
SAI,Ferrari,3.0,0 days 00:01:25.012000,HARD,2.0,2.0,3.0,85.012
SAI,Ferrari,4.0,0 days 00:01:22.358000,HARD,3.0,2.0,3.0,82.358
SAI,Ferrari,5.0,0 days 00:01:21.978000,HARD,4.0,2.0,3.0,81.978
SAI,Ferrari,6.0,0 days 00:01:21.163000,HARD,5.0,2.0,3.0,81.163
SAI,Ferrari,7.0,0 days 00:01:21.466000,HARD,6.0,2.0,3.0,81.466
SAI,Ferrari,8.0,0 days 00:01:20.272000,HARD,7.0,2.0,3.0,80.272
SAI,Ferrari,9.0,0 days 00:01:20.525000,HARD,8.0,2.0,3.0,80.525
SAI,Ferrari,10.0,0 days 00:01:21.259000,HARD,9.0,2.0,3.0,81.259
SAI,Ferrari,11.0,0 days 00:01:20.246000,HARD,10.0,2.0,3.0,80.246
SAI,Ferrari,12.0,0 days 00:01:19.974000,HARD,11.0,2.0,3.0,79.974
SAI,Ferrari,13.0,0 days 00:01:20.017000,HARD,12.0,2.0,3.0,80.017
SAI,Ferrari,14.0,0 days 00:01:19.480000,HARD,13.0,2.0,3.0,79.48
SAI,Ferrari,15.0,0 days 00:01:19.543000,HARD,14.0,2.0,3.0,79.543
SAI,Ferrari,16.0,0 days 00:01:20.579000,HARD,15.0,2.0,3.0,80.579
SAI,Ferrari,17.0,0 days 00:01:20.076000,HARD,16.0,2.0,3.0,80.076
SAI,Ferrari,18.0,0 days 00:01:19.177000,HARD,17.0,2.0,3.0,79.177
SAI,Ferrari,19.0,0 days 00:01:19.445000,HARD,18.0,2.0,3.0,79.445
SAI,Ferrari,20.0,0 days 00:01:19.403000,HARD,19.0,2.0,3.0,79.403
SAI,Ferrari,21.0,0 days 00:01:18.917000,HARD,20.0,2.0,3.0,78.917
SAI,Ferrari,22.0,0 days 00:01:18.889000,HARD,21.0,2.0,3.0,78.889
SAI,Ferrari,23.0,0 days 00:01:18.993000,HARD,22.0,2.0,3.0,78.993
SAI,Ferrari,24.0,0 days 00:01:18.568000,HARD,23.0,2.0,3.0,78.568
SAI,Ferrari,25.0,0 days 00:01:18.537000,HARD,24.0,2.0,3.0,78.537
SAI,Ferrari,26.0,0 days 00:01:18.088000,HARD,25.0,2.0,3.0,78.088
SAI,Ferrari,27.0,0 days 00:01:19.490000,HARD,26.0,2.0,3.0,79.49
SAI,Ferrari,28.0,0 days 00:01:19.281000,HARD,27.0,2.0,3.0,79.281
SAI,Ferrari,29.0,0 days 00:01:18.697000,HARD,28.0,2.0,3.0,78.697
SAI,Ferrari,30.0,0 days 00:01:17.326000,HARD,29.0,2.0,3.0,77.326
SAI,Ferrari,31.0,0 days 00:01:19.784000,HARD,30.0,2.0,3.0,79.784
SAI,Ferrari,32.0,0 days 00:01:20.136000,HARD,31.0,2.0,3.0,80.136
SAI,Ferrari,33.0,0 days 00:01:18.778000,HARD,32.0,2.0,3.0,78.778
SAI,Ferrari,34.0,0 days 00:01:19.013000,HARD,33.0,2.0,3.0,79.013
SAI,Ferrari,35.0,0 days 00:01:18.465000,HARD,34.0,2.0,3.0,78.465
SAI,Ferrari,36.0,0 days 00:01:19.275000,HARD,35.0,2.0,3.0,79.275
SAI,Ferrari,37.0,0 days 00:01:17.577000,HARD,36.0,2.0,3.0,77.577
SAI,Ferrari,38.0,0 days 00:01:18.412000,HARD,37.0,2.0,3.0,78.412
SAI,Ferrari,39.0,0 days 00:01:18.310000,HARD,38.0,2.0,3.0,78.31
SAI,Ferrari,40.0,0 days 00:01:18.653000,HARD,39.0,2.0,3.0,78.653
SAI,Ferrari,41.0,0 days 00:01:18.714000,HARD,40.0,2.0,3.0,78.714
SAI,Ferrari,42.0,0 days 00:01:19.171000,HARD,41.0,2.0,3.0,79.171
SAI,Ferrari,43.0,0 days 00:01:19.594000,HARD,42.0,2.0,3.0,79.594
SAI,Ferrari,44.0,0 days 00:01:18.762000,HARD,43.0,2.0,3.0,78.762
SAI,Ferrari,45.0,0 days 00:01:17.885000,HARD,44.0,2.0,3.0,77.885
SAI,Ferrari,46.0,0 days 00:01:18.731000,HARD,45.0,2.0,3.0,78.731
SAI,Ferrari,47.0,0 days 00:01:18.141000,HARD,46.0,2.0,3.0,78.141
SAI,Ferrari,48.0,0 days 00:01:17.894000,HARD,47.0,2.0,3.0,77.894
SAI,Ferrari,49.0,0 days 00:01:18.259000,HARD,48.0,2.0,3.0,78.259
SAI,Ferrari,50.0,0 days 00:01:18.545000,HARD,49.0,2.0,3.0,78.545
SAI,Ferrari,51.0,0 days 00:01:17.528000,HARD,50.0,2.0,3.0,77.528
SAI,Ferrari,52.0,0 days 00:01:18.094000,HARD,51.0,2.0,3.0,78.094
SAI,Ferrari,53.0,0 days 00:01:17.759000,HARD,52.0,2.0,3.0,77.759
SAI,Ferrari,54.0,0 days 00:01:17.742000,HARD,53.0,2.0,3.0,77.742
SAI,Ferrari,55.0,0 days 00:01:18.661000,HARD,54.0,2.0,3.0,78.661
SAI,Ferrari,56.0,0 days 00:01:18.119000,HARD,55.0,2.0,3.0,78.119
SAI,Ferrari,57.0,0 days 00:01:17.599000,HARD,56.0,2.0,3.0,77.599
SAI,Ferrari,58.0,0 days 00:01:17.501000,HARD,57.0,2.0,3.0,77.501
SAI,Ferrari,59.0,0 days 00:01:17.134000,HARD,58.0,2.0,3.0,77.134
SAI,Ferrari,60.0,0 days 00:01:15.159000,HARD,59.0,2.0,3.0,75.159
SAI,Ferrari,61.0,0 days 00:01:19.046000,HARD,60.0,2.0,3.0,79.046
SAI,Ferrari,62.0,0 days 00:01:14.726000,HARD,61.0,2.0,3.0,74.726
SAI,Ferrari,63.0,0 days 00:01:18.207000,HARD,62.0,2.0,3.0,78.207
SAI,Ferrari,64.0,0 days 00:01:14.813000,HARD,63.0,2.0,3.0,74.813
SAI,Ferrari,65.0,0 days 00:01:18.137000,HARD,64.0,2.0,3.0,78.137
SAI,Ferrari,66.0,0 days 00:01:15.409000,HARD,65.0,2.0,3.0,75.409
SAI,Ferrari,67.0,0 days 00:01:16.847000,HARD,66.0,2.0,3.0,76.847
SAI,Ferrari,68.0,0 days 00:01:15.595000,HARD,67.0,2.0,3.0,75.595
SAI,Ferrari,69.0,0 days 00:01:16.218000,HARD,68.0,2.0,3.0,76.218
SAI,Ferrari,70.0,0 days 00:01:17.117000,HARD,69.0,2.0,3.0,77.117
SAI,Ferrari,71.0,0 days 00:01:17.214000,HARD,70.0,2.0,3.0,77.214
SAI,Ferrari,72.0,0 days 00:01:16.785000,HARD,71.0,2.0,3.0,76.785
SAI,Ferrari,73.0,0 days 00:01:16.417000,HARD,72.0,2.0,3.0,76.417
SAI,Ferrari,74.0,0 days 00:01:16.063000,HARD,73.0,2.0,3.0,76.063
SAI,Ferrari,75.0,0 days 00:01:16.905000,HARD,74.0,2.0,3.0,76.905
SAI,Ferrari,76.0,0 days 00:01:16.328000,HARD,75.0,2.0,3.0,76.328
SAI,Ferrari,77.0,0 days 00:01:16.701000,HARD,76.0,2.0,3.0,76.701
SAI,Ferrari,78.0,0 days 00:01:17.072000,HARD,77.0,2.0,3.0,77.072
NOR,McLaren,1.0,0 days 00:41:08.042000,MEDIUM,2.0,1.0,4.0,2468.042
NOR,McLaren,3.0,0 days 00:01:25.283000,HARD,3.0,2.0,4.0,85.283
NOR,McLaren,4.0,0 days 00:01:22.782000,HARD,4.0,2.0,4.0,82.782
NOR,McLaren,5.0,0 days 00:01:22.147000,HARD,5.0,2.0,4.0,82.147
NOR,McLaren,6.0,0 days 00:01:21.804000,HARD,6.0,2.0,4.0,81.804
NOR,McLaren,7.0,0 days 00:01:20.828000,HARD,7.0,2.0,4.0,80.828
NOR,McLaren,8.0,0 days 00:01:20.820000,HARD,8.0,2.0,4.0,80.82
NOR,McLaren,9.0,0 days 00:01:20.397000,HARD,9.0,2.0,4.0,80.397
NOR,McLaren,10.0,0 days 00:01:20.972000,HARD,10.0,2.0,4.0,80.972
NOR,McLaren,11.0,0 days 00:01:20.870000,HARD,11.0,2.0,4.0,80.87
NOR,McLaren,12.0,0 days 00:01:19.933000,HARD,12.0,2.0,4.0,79.933
NOR,McLaren,13.0,0 days 00:01:19.820000,HARD,13.0,2.0,4.0,79.82
NOR,McLaren,14.0,0 days 00:01:19.385000,HARD,14.0,2.0,4.0,79.385
NOR,McLaren,15.0,0 days 00:01:19.775000,HARD,15.0,2.0,4.0,79.775
NOR,McLaren,16.0,0 days 00:01:19.637000,HARD,16.0,2.0,4.0,79.637
NOR,McLaren,17.0,0 days 00:01:20.337000,HARD,17.0,2.0,4.0,80.337
NOR,McLaren,18.0,0 days 00:01:19.398000,HARD,18.0,2.0,4.0,79.398
NOR,McLaren,19.0,0 days 00:01:19.280000,HARD,19.0,2.0,4.0,79.28
NOR,McLaren,20.0,0 days 00:01:19.043000,HARD,20.0,2.0,4.0,79.043
NOR,McLaren,21.0,0 days 00:01:18.983000,HARD,21.0,2.0,4.0,78.983
NOR,McLaren,22.0,0 days 00:01:18.981000,HARD,22.0,2.0,4.0,78.981
NOR,McLaren,23.0,0 days 00:01:19.194000,HARD,23.0,2.0,4.0,79.194
NOR,McLaren,24.0,0 days 00:01:18.699000,HARD,24.0,2.0,4.0,78.699
NOR,McLaren,25.0,0 days 00:01:18.640000,HARD,25.0,2.0,4.0,78.64
NOR,McLaren,26.0,0 days 00:01:18.396000,HARD,26.0,2.0,4.0,78.396
NOR,McLaren,27.0,0 days 00:01:18.720000,HARD,27.0,2.0,4.0,78.72
NOR,McLaren,28.0,0 days 00:01:19.238000,HARD,28.0,2.0,4.0,79.238
NOR,McLaren,29.0,0 days 00:01:18.766000,HARD,29.0,2.0,4.0,78.766
NOR,McLaren,30.0,0 days 00:01:18.403000,HARD,30.0,2.0,4.0,78.403
NOR,McLaren,31.0,0 days 00:01:18.780000,HARD,31.0,2.0,4.0,78.78
NOR,McLaren,32.0,0 days 00:01:19.538000,HARD,32.0,2.0,4.0,79.538
NOR,McLaren,33.0,0 days 00:01:19.233000,HARD,33.0,2.0,4.0,79.233
NOR,McLaren,34.0,0 days 00:01:19.243000,HARD,34.0,2.0,4.0,79.243
NOR,McLaren,35.0,0 days 00:01:18.714000,HARD,35.0,2.0,4.0,78.714
NOR,McLaren,36.0,0 days 00:01:18.582000,HARD,36.0,2.0,4.0,78.582
NOR,McLaren,37.0,0 days 00:01:17.958000,HARD,37.0,2.0,4.0,77.958
NOR,McLaren,38.0,0 days 00:01:17.994000,HARD,38.0,2.0,4.0,77.994
NOR,McLaren,39.0,0 days 00:01:18.303000,HARD,39.0,2.0,4.0,78.303
NOR,McLaren,40.0,0 days 00:01:18.824000,HARD,40.0,2.0,4.0,78.824
NOR,McLaren,41.0,0 days 00:01:18.519000,HARD,41.0,2.0,4.0,78.519
NOR,McLaren,42.0,0 days 00:01:19.436000,HARD,42.0,2.0,4.0,79.436
NOR,McLaren,43.0,0 days 00:01:19.796000,HARD,43.0,2.0,4.0,79.796
NOR,McLaren,44.0,0 days 00:01:18.906000,HARD,44.0,2.0,4.0,78.906
NOR,McLaren,45.0,0 days 00:01:17.897000,HARD,45.0,2.0,4.0,77.897
NOR,McLaren,46.0,0 days 00:01:18.215000,HARD,46.0,2.0,4.0,78.215
NOR,McLaren,47.0,0 days 00:01:18.141000,HARD,47.0,2.0,4.0,78.141
NOR,McLaren,48.0,0 days 00:01:17.975000,HARD,48.0,2.0,4.0,77.975
NOR,McLaren,49.0,0 days 00:01:18.177000,HARD,49.0,2.0,4.0,78.177
NOR,McLaren,50.0,0 days 00:01:18.218000,HARD,50.0,2.0,4.0,78.218
NOR,McLaren,51.0,0 days 00:01:17.772000,HARD,51.0,2.0,4.0,77.772
NOR,McLaren,52.0,0 days 00:01:18.223000,HARD,52.0,2.0,4.0,78.223
NOR,McLaren,53.0,0 days 00:01:17.570000,HARD,53.0,2.0,4.0,77.57
NOR,McLaren,54.0,0 days 00:01:17.838000,HARD,54.0,2.0,4.0,77.838
NOR,McLaren,55.0,0 days 00:01:18.382000,HARD,55.0,2.0,4.0,78.382
NOR,McLaren,56.0,0 days 00:01:18.155000,HARD,56.0,2.0,4.0,78.155
NOR,McLaren,57.0,0 days 00:01:17.815000,HARD,57.0,2.0,4.0,77.815
NOR,McLaren,58.0,0 days 00:01:17.395000,HARD,58.0,2.0,4.0,77.395
NOR,McLaren,59.0,0 days 00:01:17.122000,HARD,59.0,2.0,4.0,77.122
NOR,McLaren,60.0,0 days 00:01:16.695000,HARD,60.0,2.0,4.0,76.695
NOR,McLaren,61.0,0 days 00:01:17.614000,HARD,61.0,2.0,4.0,77.614
NOR,McLaren,62.0,0 days 00:01:16.026000,HARD,62.0,2.0,4.0,76.026
NOR,McLaren,63.0,0 days 00:01:16.876000,HARD,63.0,2.0,4.0,76.876
NOR,McLaren,64.0,0 days 00:01:15.742000,HARD,64.0,2.0,4.0,75.742
NOR,McLaren,65.0,0 days 00:01:17.143000,HARD,65.0,2.0,4.0,77.143
NOR,McLaren,66.0,0 days 00:01:16.214000,HARD,66.0,2.0,4.0,76.214
NOR,McLaren,67.0,0 days 00:01:16.115000,HARD,67.0,2.0,4.0,76.115
NOR,McLaren,68.0,0 days 00:01:16.172000,HARD,68.0,2.0,4.0,76.172
NOR,McLaren,69.0,0 days 00:01:16.314000,HARD,69.0,2.0,4.0,76.314
NOR,McLaren,70.0,0 days 00:01:17.213000,HARD,70.0,2.0,4.0,77.213
NOR,McLaren,71.0,0 days 00:01:16.609000,HARD,71.0,2.0,4.0,76.609
NOR,McLaren,72.0,0 days 00:01:16.801000,HARD,72.0,2.0,4.0,76.801
NOR,McLaren,73.0,0 days 00:01:16.285000,HARD,73.0,2.0,4.0,76.285
NOR,McLaren,74.0,0 days 00:01:16.429000,HARD,74.0,2.0,4.0,76.429
NOR,McLaren,75.0,0 days 00:01:16.517000,HARD,75.0,2.0,4.0,76.517
NOR,McLaren,76.0,0 days 00:01:16.671000,HARD,76.0,2.0,4.0,76.671
NOR,McLaren,77.0,0 days 00:01:16.512000,HARD,77.0,2.0,4.0,76.512
NOR,McLaren,78.0,0 days 00:01:17.296000,HARD,78.0,2.0,4.0,77.296
RUS,Mercedes,1.0,0 days 00:41:13.884000,HARD,1.0,1.0,5.0,2473.884
RUS,Mercedes,3.0,0 days 00:01:25.319000,MEDIUM,2.0,2.0,5.0,85.319
RUS,Mercedes,4.0,0 days 00:01:22.868000,MEDIUM,3.0,2.0,5.0,82.868
RUS,Mercedes,5.0,0 days 00:01:23.045000,MEDIUM,4.0,2.0,5.0,83.045
RUS,Mercedes,6.0,0 days 00:01:23.012000,MEDIUM,5.0,2.0,5.0,83.012
RUS,Mercedes,7.0,0 days 00:01:21.415000,MEDIUM,6.0,2.0,5.0,81.415
RUS,Mercedes,8.0,0 days 00:01:21.612000,MEDIUM,7.0,2.0,5.0,81.612
RUS,Mercedes,9.0,0 days 00:01:21.433000,MEDIUM,8.0,2.0,5.0,81.433
RUS,Mercedes,10.0,0 days 00:01:21.531000,MEDIUM,9.0,2.0,5.0,81.531
RUS,Mercedes,11.0,0 days 00:01:21.452000,MEDIUM,10.0,2.0,5.0,81.452
RUS,Mercedes,12.0,0 days 00:01:20.316000,MEDIUM,11.0,2.0,5.0,80.316
RUS,Mercedes,13.0,0 days 00:01:20.525000,MEDIUM,12.0,2.0,5.0,80.525
RUS,Mercedes,14.0,0 days 00:01:20.272000,MEDIUM,13.0,2.0,5.0,80.272
RUS,Mercedes,15.0,0 days 00:01:20.202000,MEDIUM,14.0,2.0,5.0,80.202
RUS,Mercedes,16.0,0 days 00:01:19.913000,MEDIUM,15.0,2.0,5.0,79.913
RUS,Mercedes,17.0,0 days 00:01:20.150000,MEDIUM,16.0,2.0,5.0,80.15
RUS,Mercedes,18.0,0 days 00:01:19.438000,MEDIUM,17.0,2.0,5.0,79.438
RUS,Mercedes,19.0,0 days 00:01:20.157000,MEDIUM,18.0,2.0,5.0,80.157
RUS,Mercedes,20.0,0 days 00:01:20.053000,MEDIUM,19.0,2.0,5.0,80.053
RUS,Mercedes,21.0,0 days 00:01:19.788000,MEDIUM,20.0,2.0,5.0,79.788
RUS,Mercedes,22.0,0 days 00:01:19.691000,MEDIUM,21.0,2.0,5.0,79.691
RUS,Mercedes,23.0,0 days 00:01:19.397000,MEDIUM,22.0,2.0,5.0,79.397
RUS,Mercedes,24.0,0 days 00:01:19.484000,MEDIUM,23.0,2.0,5.0,79.484
RUS,Mercedes,25.0,0 days 00:01:18.651000,MEDIUM,24.0,2.0,5.0,78.651
RUS,Mercedes,26.0,0 days 00:01:19.006000,MEDIUM,25.0,2.0,5.0,79.006
RUS,Mercedes,27.0,0 days 00:01:18.927000,MEDIUM,26.0,2.0,5.0,78.927
RUS,Mercedes,28.0,0 days 00:01:18.679000,MEDIUM,27.0,2.0,5.0,78.679
RUS,Mercedes,29.0,0 days 00:01:18.624000,MEDIUM,28.0,2.0,5.0,78.624
RUS,Mercedes,30.0,0 days 00:01:18.811000,MEDIUM,29.0,2.0,5.0,78.811
RUS,Mercedes,31.0,0 days 00:01:19.101000,MEDIUM,30.0,2.0,5.0,79.101
RUS,Mercedes,32.0,0 days 00:01:19.122000,MEDIUM,31.0,2.0,5.0,79.122
RUS,Mercedes,33.0,0 days 00:01:18.910000,MEDIUM,32.0,2.0,5.0,78.91
RUS,Mercedes,34.0,0 days 00:01:19.379000,MEDIUM,33.0,2.0,5.0,79.379
RUS,Mercedes,35.0,0 days 00:01:20.448000,MEDIUM,34.0,2.0,5.0,80.448
RUS,Mercedes,36.0,0 days 00:01:19.728000,MEDIUM,35.0,2.0,5.0,79.728
RUS,Mercedes,37.0,0 days 00:01:18.757000,MEDIUM,36.0,2.0,5.0,78.757
RUS,Mercedes,38.0,0 days 00:01:18.446000,MEDIUM,37.0,2.0,5.0,78.446
RUS,Mercedes,39.0,0 days 00:01:18.450000,MEDIUM,38.0,2.0,5.0,78.45
RUS,Mercedes,40.0,0 days 00:01:18.139000,MEDIUM,39.0,2.0,5.0,78.139
RUS,Mercedes,41.0,0 days 00:01:18.308000,MEDIUM,40.0,2.0,5.0,78.308
RUS,Mercedes,42.0,0 days 00:01:18.204000,MEDIUM,41.0,2.0,5.0,78.204
RUS,Mercedes,43.0,0 days 00:01:18.684000,MEDIUM,42.0,2.0,5.0,78.684
RUS,Mercedes,44.0,0 days 00:01:18.177000,MEDIUM,43.0,2.0,5.0,78.177
RUS,Mercedes,45.0,0 days 00:01:18.449000,MEDIUM,44.0,2.0,5.0,78.449
RUS,Mercedes,46.0,0 days 00:01:18.387000,MEDIUM,45.0,2.0,5.0,78.387
RUS,Mercedes,47.0,0 days 00:01:18.314000,MEDIUM,46.0,2.0,5.0,78.314
RUS,Mercedes,48.0,0 days 00:01:18.702000,MEDIUM,47.0,2.0,5.0,78.702
RUS,Mercedes,49.0,0 days 00:01:18.985000,MEDIUM,48.0,2.0,5.0,78.985
RUS,Mercedes,50.0,0 days 00:01:18.447000,MEDIUM,49.0,2.0,5.0,78.447
RUS,Mercedes,51.0,0 days 00:01:18.049000,MEDIUM,50.0,2.0,5.0,78.049
RUS,Mercedes,52.0,0 days 00:01:18.602000,MEDIUM,51.0,2.0,5.0,78.602
RUS,Mercedes,53.0,0 days 00:01:20.891000,MEDIUM,52.0,2.0,5.0,80.891
RUS,Mercedes,54.0,0 days 00:01:18.201000,MEDIUM,53.0,2.0,5.0,78.201
RUS,Mercedes,55.0,0 days 00:01:17.305000,MEDIUM,54.0,2.0,5.0,77.305
RUS,Mercedes,56.0,0 days 00:01:17.071000,MEDIUM,55.0,2.0,5.0,77.071
RUS,Mercedes,57.0,0 days 00:01:16.910000,MEDIUM,56.0,2.0,5.0,76.91
RUS,Mercedes,58.0,0 days 00:01:17.142000,MEDIUM,57.0,2.0,5.0,77.142
RUS,Mercedes,59.0,0 days 00:01:16.842000,MEDIUM,58.0,2.0,5.0,76.842
RUS,Mercedes,60.0,0 days 00:01:16.604000,MEDIUM,59.0,2.0,5.0,76.604
RUS,Mercedes,61.0,0 days 00:01:16.697000,MEDIUM,60.0,2.0,5.0,76.697
RUS,Mercedes,62.0,0 days 00:01:16.787000,MEDIUM,61.0,2.0,5.0,76.787
RUS,Mercedes,63.0,0 days 00:01:16.581000,MEDIUM,62.0,2.0,5.0,76.581
RUS,Mercedes,64.0,0 days 00:01:16.133000,MEDIUM,63.0,2.0,5.0,76.133
RUS,Mercedes,65.0,0 days 00:01:15.651000,MEDIUM,64.0,2.0,5.0,75.651
RUS,Mercedes,66.0,0 days 00:01:15.848000,MEDIUM,65.0,2.0,5.0,75.848
RUS,Mercedes,67.0,0 days 00:01:16.157000,MEDIUM,66.0,2.0,5.0,76.157
RUS,Mercedes,68.0,0 days 00:01:15.931000,MEDIUM,67.0,2.0,5.0,75.931
RUS,Mercedes,69.0,0 days 00:01:15.869000,MEDIUM,68.0,2.0,5.0,75.869
RUS,Mercedes,70.0,0 days 00:01:15.251000,MEDIUM,69.0,2.0,5.0,75.251
RUS,Mercedes,71.0,0 days 00:01:15.827000,MEDIUM,70.0,2.0,5.0,75.827
RUS,Mercedes,72.0,0 days 00:01:15.839000,MEDIUM,71.0,2.0,5.0,75.839
RUS,Mercedes,73.0,0 days 00:01:15.228000,MEDIUM,72.0,2.0,5.0,75.228
RUS,Mercedes,74.0,0 days 00:01:15.376000,MEDIUM,73.0,2.0,5.0,75.376
RUS,Mercedes,75.0,0 days 00:01:15.525000,MEDIUM,74.0,2.0,5.0,75.525
RUS,Mercedes,76.0,0 days 00:01:15.753000,MEDIUM,75.0,2.0,5.0,75.753
RUS,Mercedes,77.0,0 days 00:01:15.532000,MEDIUM,76.0,2.0,5.0,75.532
RUS,Mercedes,78.0,0 days 00:01:16.303000,MEDIUM,77.0,2.0,5.0,76.303
VER,Red Bull Racing,1.0,0 days 00:41:18.944000,HARD,1.0,1.0,6.0,2478.944
VER,Red Bull Racing,3.0,0 days 00:01:25.744000,MEDIUM,2.0,2.0,6.0,85.744
VER,Red Bull Racing,4.0,0 days 00:01:23.275000,MEDIUM,3.0,2.0,6.0,83.275
VER,Red Bull Racing,5.0,0 days 00:01:23.400000,MEDIUM,4.0,2.0,6.0,83.4
VER,Red Bull Racing,6.0,0 days 00:01:23.787000,MEDIUM,5.0,2.0,6.0,83.787
VER,Red Bull Racing,7.0,0 days 00:01:21.283000,MEDIUM,6.0,2.0,6.0,81.283
VER,Red Bull Racing,8.0,0 days 00:01:21.657000,MEDIUM,7.0,2.0,6.0,81.657
VER,Red Bull Racing,9.0,0 days 00:01:21.740000,MEDIUM,8.0,2.0,6.0,81.74
VER,Red Bull Racing,10.0,0 days 00:01:21.244000,MEDIUM,9.0,2.0,6.0,81.244
VER,Red Bull Racing,11.0,0 days 00:01:21.492000,MEDIUM,10.0,2.0,6.0,81.492
VER,Red Bull Racing,12.0,0 days 00:01:20.659000,MEDIUM,11.0,2.0,6.0,80.659
VER,Red Bull Racing,13.0,0 days 00:01:19.904000,MEDIUM,12.0,2.0,6.0,79.904
VER,Red Bull Racing,14.0,0 days 00:01:19.723000,MEDIUM,13.0,2.0,6.0,79.723
VER,Red Bull Racing,15.0,0 days 00:01:20.370000,MEDIUM,14.0,2.0,6.0,80.37
VER,Red Bull Racing,16.0,0 days 00:01:20.287000,MEDIUM,15.0,2.0,6.0,80.287
VER,Red Bull Racing,17.0,0 days 00:01:19.898000,MEDIUM,16.0,2.0,6.0,79.898
VER,Red Bull Racing,18.0,0 days 00:01:19.580000,MEDIUM,17.0,2.0,6.0,79.58
VER,Red Bull Racing,19.0,0 days 00:01:20.171000,MEDIUM,18.0,2.0,6.0,80.171
VER,Red Bull Racing,20.0,0 days 00:01:19.886000,MEDIUM,19.0,2.0,6.0,79.886
VER,Red Bull Racing,21.0,0 days 00:01:20.255000,MEDIUM,20.0,2.0,6.0,80.255
VER,Red Bull Racing,22.0,0 days 00:01:19.813000,MEDIUM,21.0,2.0,6.0,79.813
VER,Red Bull Racing,23.0,0 days 00:01:18.979000,MEDIUM,22.0,2.0,6.0,78.979
VER,Red Bull Racing,24.0,0 days 00:01:19.364000,MEDIUM,23.0,2.0,6.0,79.364
VER,Red Bull Racing,25.0,0 days 00:01:19.380000,MEDIUM,24.0,2.0,6.0,79.38
VER,Red Bull Racing,26.0,0 days 00:01:18.818000,MEDIUM,25.0,2.0,6.0,78.818
VER,Red Bull Racing,27.0,0 days 00:01:18.797000,MEDIUM,26.0,2.0,6.0,78.797
VER,Red Bull Racing,28.0,0 days 00:01:18.682000,MEDIUM,27.0,2.0,6.0,78.682
VER,Red Bull Racing,29.0,0 days 00:01:18.795000,MEDIUM,28.0,2.0,6.0,78.795
VER,Red Bull Racing,30.0,0 days 00:01:18.574000,MEDIUM,29.0,2.0,6.0,78.574
VER,Red Bull Racing,31.0,0 days 00:01:18.564000,MEDIUM,30.0,2.0,6.0,78.564
VER,Red Bull Racing,32.0,0 days 00:01:18.983000,MEDIUM,31.0,2.0,6.0,78.983
VER,Red Bull Racing,33.0,0 days 00:01:19.005000,MEDIUM,32.0,2.0,6.0,79.005
VER,Red Bull Racing,34.0,0 days 00:01:19.594000,MEDIUM,33.0,2.0,6.0,79.594
VER,Red Bull Racing,35.0,0 days 00:01:20.207000,MEDIUM,34.0,2.0,6.0,80.207
VER,Red Bull Racing,36.0,0 days 00:01:19.634000,MEDIUM,35.0,2.0,6.0,79.634
VER,Red Bull Racing,37.0,0 days 00:01:19.429000,MEDIUM,36.0,2.0,6.0,79.429
VER,Red Bull Racing,38.0,0 days 00:01:18.844000,MEDIUM,37.0,2.0,6.0,78.844
VER,Red Bull Racing,39.0,0 days 00:01:18.326000,MEDIUM,38.0,2.0,6.0,78.326
VER,Red Bull Racing,40.0,0 days 00:01:18.409000,MEDIUM,39.0,2.0,6.0,78.409
VER,Red Bull Racing,41.0,0 days 00:01:18.083000,MEDIUM,40.0,2.0,6.0,78.083
VER,Red Bull Racing,42.0,0 days 00:01:18.074000,MEDIUM,41.0,2.0,6.0,78.074
VER,Red Bull Racing,43.0,0 days 00:01:18.358000,MEDIUM,42.0,2.0,6.0,78.358
VER,Red Bull Racing,44.0,0 days 00:01:18.405000,MEDIUM,43.0,2.0,6.0,78.405
VER,Red Bull Racing,45.0,0 days 00:01:18.313000,MEDIUM,44.0,2.0,6.0,78.313
VER,Red Bull Racing,46.0,0 days 00:01:18.203000,MEDIUM,45.0,2.0,6.0,78.203
VER,Red Bull Racing,47.0,0 days 00:01:18.537000,MEDIUM,46.0,2.0,6.0,78.537
VER,Red Bull Racing,48.0,0 days 00:01:18.337000,MEDIUM,47.0,2.0,6.0,78.337
VER,Red Bull Racing,49.0,0 days 00:01:18.477000,MEDIUM,48.0,2.0,6.0,78.477
VER,Red Bull Racing,50.0,0 days 00:01:18.880000,MEDIUM,49.0,2.0,6.0,78.88
VER,Red Bull Racing,51.0,0 days 00:01:18.142000,MEDIUM,50.0,2.0,6.0,78.142
VER,Red Bull Racing,52.0,0 days 00:01:33.905000,MEDIUM,51.0,2.0,6.0,93.905
VER,Red Bull Racing,53.0,0 days 00:01:18.724000,HARD,2.0,3.0,6.0,78.724
VER,Red Bull Racing,54.0,0 days 00:01:15.815000,HARD,3.0,3.0,6.0,75.815
VER,Red Bull Racing,55.0,0 days 00:01:15.398000,HARD,4.0,3.0,6.0,75.398
VER,Red Bull Racing,56.0,0 days 00:01:15.466000,HARD,5.0,3.0,6.0,75.466
VER,Red Bull Racing,57.0,0 days 00:01:16.181000,HARD,6.0,3.0,6.0,76.181
VER,Red Bull Racing,58.0,0 days 00:01:14.569000,HARD,7.0,3.0,6.0,74.569
VER,Red Bull Racing,59.0,0 days 00:01:14.748000,HARD,8.0,3.0,6.0,74.748
VER,Red Bull Racing,60.0,0 days 00:01:15.238000,HARD,9.0,3.0,6.0,75.238
VER,Red Bull Racing,61.0,0 days 00:01:15.121000,HARD,10.0,3.0,6.0,75.121
VER,Red Bull Racing,62.0,0 days 00:01:16.561000,HARD,11.0,3.0,6.0,76.561
VER,Red Bull Racing,63.0,0 days 00:01:16.547000,HARD,12.0,3.0,6.0,76.547
VER,Red Bull Racing,64.0,0 days 00:01:16.619000,HARD,13.0,3.0,6.0,76.619
VER,Red Bull Racing,65.0,0 days 00:01:15.468000,HARD,14.0,3.0,6.0,75.468
VER,Red Bull Racing,66.0,0 days 00:01:16.121000,HARD,15.0,3.0,6.0,76.121
VER,Red Bull Racing,67.0,0 days 00:01:16.276000,HARD,16.0,3.0,6.0,76.276
VER,Red Bull Racing,68.0,0 days 00:01:15.954000,HARD,17.0,3.0,6.0,75.954
VER,Red Bull Racing,69.0,0 days 00:01:15.463000,HARD,18.0,3.0,6.0,75.463
VER,Red Bull Racing,70.0,0 days 00:01:15.449000,HARD,19.0,3.0,6.0,75.449
VER,Red Bull Racing,71.0,0 days 00:01:15.659000,HARD,20.0,3.0,6.0,75.659
VER,Red Bull Racing,72.0,0 days 00:01:15.733000,HARD,21.0,3.0,6.0,75.733
VER,Red Bull Racing,73.0,0 days 00:01:15.436000,HARD,22.0,3.0,6.0,75.436
VER,Red Bull Racing,74.0,0 days 00:01:15.380000,HARD,23.0,3.0,6.0,75.38
VER,Red Bull Racing,75.0,0 days 00:01:15.396000,HARD,24.0,3.0,6.0,75.396
VER,Red Bull Racing,76.0,0 days 00:01:15.641000,HARD,25.0,3.0,6.0,75.641
VER,Red Bull Racing,77.0,0 days 00:01:15.543000,HARD,26.0,3.0,6.0,75.543
VER,Red Bull Racing,78.0,0 days 00:01:16.248000,HARD,27.0,3.0,6.0,76.248
HAM,Mercedes,1.0,0 days 00:41:23.804000,HARD,1.0,1.0,7.0,2483.804
HAM,Mercedes,3.0,0 days 00:01:27.058000,MEDIUM,2.0,2.0,7.0,87.058
HAM,Mercedes,4.0,0 days 00:01:23.376000,MEDIUM,3.0,2.0,7.0,83.376
HAM,Mercedes,5.0,0 days 00:01:23.640000,MEDIUM,4.0,2.0,7.0,83.64
HAM,Mercedes,6.0,0 days 00:01:23.369000,MEDIUM,5.0,2.0,7.0,83.369
HAM,Mercedes,7.0,0 days 00:01:21.463000,MEDIUM,6.0,2.0,7.0,81.463
HAM,Mercedes,8.0,0 days 00:01:21.612000,MEDIUM,7.0,2.0,7.0,81.612
HAM,Mercedes,9.0,0 days 00:01:21.851000,MEDIUM,8.0,2.0,7.0,81.851
HAM,Mercedes,10.0,0 days 00:01:21.437000,MEDIUM,9.0,2.0,7.0,81.437
HAM,Mercedes,11.0,0 days 00:01:21.325000,MEDIUM,10.0,2.0,7.0,81.325
HAM,Mercedes,12.0,0 days 00:01:21.164000,MEDIUM,11.0,2.0,7.0,81.164
HAM,Mercedes,13.0,0 days 00:01:20.171000,MEDIUM,12.0,2.0,7.0,80.171
HAM,Mercedes,14.0,0 days 00:01:20.126000,MEDIUM,13.0,2.0,7.0,80.126
HAM,Mercedes,15.0,0 days 00:01:19.971000,MEDIUM,14.0,2.0,7.0,79.971
HAM,Mercedes,16.0,0 days 00:01:20.384000,MEDIUM,15.0,2.0,7.0,80.384
HAM,Mercedes,17.0,0 days 00:01:19.738000,MEDIUM,16.0,2.0,7.0,79.738
HAM,Mercedes,18.0,0 days 00:01:20.037000,MEDIUM,17.0,2.0,7.0,80.037
HAM,Mercedes,19.0,0 days 00:01:19.874000,MEDIUM,18.0,2.0,7.0,79.874
HAM,Mercedes,20.0,0 days 00:01:20.504000,MEDIUM,19.0,2.0,7.0,80.504
HAM,Mercedes,21.0,0 days 00:01:19.760000,MEDIUM,20.0,2.0,7.0,79.76
HAM,Mercedes,22.0,0 days 00:01:20.590000,MEDIUM,21.0,2.0,7.0,80.59
HAM,Mercedes,23.0,0 days 00:01:19.089000,MEDIUM,22.0,2.0,7.0,79.089
HAM,Mercedes,24.0,0 days 00:01:18.785000,MEDIUM,23.0,2.0,7.0,78.785
HAM,Mercedes,25.0,0 days 00:01:19.342000,MEDIUM,24.0,2.0,7.0,79.342
HAM,Mercedes,26.0,0 days 00:01:19.862000,MEDIUM,25.0,2.0,7.0,79.862
HAM,Mercedes,27.0,0 days 00:01:18.549000,MEDIUM,26.0,2.0,7.0,78.549
HAM,Mercedes,28.0,0 days 00:01:18.587000,MEDIUM,27.0,2.0,7.0,78.587
HAM,Mercedes,29.0,0 days 00:01:18.940000,MEDIUM,28.0,2.0,7.0,78.94
HAM,Mercedes,30.0,0 days 00:01:18.371000,MEDIUM,29.0,2.0,7.0,78.371
HAM,Mercedes,31.0,0 days 00:01:18.471000,MEDIUM,30.0,2.0,7.0,78.471
HAM,Mercedes,32.0,0 days 00:01:18.618000,MEDIUM,31.0,2.0,7.0,78.618
HAM,Mercedes,33.0,0 days 00:01:18.746000,MEDIUM,32.0,2.0,7.0,78.746
HAM,Mercedes,34.0,0 days 00:01:18.860000,MEDIUM,33.0,2.0,7.0,78.86
HAM,Mercedes,35.0,0 days 00:01:19.518000,MEDIUM,34.0,2.0,7.0,79.518
HAM,Mercedes,36.0,0 days 00:01:20.648000,MEDIUM,35.0,2.0,7.0,80.648
HAM,Mercedes,37.0,0 days 00:01:18.605000,MEDIUM,36.0,2.0,7.0,78.605
HAM,Mercedes,38.0,0 days 00:01:20.514000,MEDIUM,37.0,2.0,7.0,80.514
HAM,Mercedes,39.0,0 days 00:01:18.943000,MEDIUM,38.0,2.0,7.0,78.943
HAM,Mercedes,40.0,0 days 00:01:18.673000,MEDIUM,39.0,2.0,7.0,78.673
HAM,Mercedes,41.0,0 days 00:01:18.946000,MEDIUM,40.0,2.0,7.0,78.946
HAM,Mercedes,42.0,0 days 00:01:17.542000,MEDIUM,41.0,2.0,7.0,77.542
HAM,Mercedes,43.0,0 days 00:01:17.867000,MEDIUM,42.0,2.0,7.0,77.867
HAM,Mercedes,44.0,0 days 00:01:18.225000,MEDIUM,43.0,2.0,7.0,78.225
HAM,Mercedes,45.0,0 days 00:01:18.156000,MEDIUM,44.0,2.0,7.0,78.156
HAM,Mercedes,46.0,0 days 00:01:18.104000,MEDIUM,45.0,2.0,7.0,78.104
HAM,Mercedes,47.0,0 days 00:01:18.331000,MEDIUM,46.0,2.0,7.0,78.331
HAM,Mercedes,48.0,0 days 00:01:17.831000,MEDIUM,47.0,2.0,7.0,77.831
HAM,Mercedes,49.0,0 days 00:01:17.398000,MEDIUM,48.0,2.0,7.0,77.398
HAM,Mercedes,50.0,0 days 00:01:18.461000,MEDIUM,49.0,2.0,7.0,78.461
HAM,Mercedes,51.0,0 days 00:01:35.209000,MEDIUM,50.0,2.0,7.0,95.209
HAM,Mercedes,52.0,0 days 00:01:19.702000,HARD,2.0,3.0,7.0,79.702
HAM,Mercedes,53.0,0 days 00:01:16.458000,HARD,3.0,3.0,7.0,76.458
HAM,Mercedes,54.0,0 days 00:01:16.388000,HARD,4.0,3.0,7.0,76.388
HAM,Mercedes,55.0,0 days 00:01:16.492000,HARD,5.0,3.0,7.0,76.492
HAM,Mercedes,56.0,0 days 00:01:14.423000,HARD,6.0,3.0,7.0,74.423
HAM,Mercedes,57.0,0 days 00:01:17.857000,HARD,7.0,3.0,7.0,77.857
HAM,Mercedes,58.0,0 days 00:01:16.855000,HARD,8.0,3.0,7.0,76.855
HAM,Mercedes,59.0,0 days 00:01:14.204000,HARD,9.0,3.0,7.0,74.204
HAM,Mercedes,60.0,0 days 00:01:15.848000,HARD,10.0,3.0,7.0,75.848
HAM,Mercedes,61.0,0 days 00:01:15.274000,HARD,11.0,3.0,7.0,75.274
HAM,Mercedes,62.0,0 days 00:01:15.414000,HARD,12.0,3.0,7.0,75.414
HAM,Mercedes,63.0,0 days 00:01:14.165000,HARD,13.0,3.0,7.0,74.165
HAM,Mercedes,64.0,0 days 00:01:16.164000,HARD,14.0,3.0,7.0,76.164
HAM,Mercedes,65.0,0 days 00:01:15.190000,HARD,15.0,3.0,7.0,75.19
HAM,Mercedes,66.0,0 days 00:01:15.342000,HARD,16.0,3.0,7.0,75.342
HAM,Mercedes,67.0,0 days 00:01:16.117000,HARD,17.0,3.0,7.0,76.117
HAM,Mercedes,68.0,0 days 00:01:15.836000,HARD,18.0,3.0,7.0,75.836
HAM,Mercedes,69.0,0 days 00:01:15.648000,HARD,19.0,3.0,7.0,75.648
HAM,Mercedes,70.0,0 days 00:01:15.638000,HARD,20.0,3.0,7.0,75.638
HAM,Mercedes,71.0,0 days 00:01:15.643000,HARD,21.0,3.0,7.0,75.643
HAM,Mercedes,72.0,0 days 00:01:15.468000,HARD,22.0,3.0,7.0,75.468
HAM,Mercedes,73.0,0 days 00:01:15.134000,HARD,23.0,3.0,7.0,75.134
HAM,Mercedes,74.0,0 days 00:01:15.324000,HARD,24.0,3.0,7.0,75.324
HAM,Mercedes,75.0,0 days 00:01:15.324000,HARD,25.0,3.0,7.0,75.324
HAM,Mercedes,76.0,0 days 00:01:15.245000,HARD,26.0,3.0,7.0,75.245
HAM,Mercedes,77.0,0 days 00:01:15.697000,HARD,27.0,3.0,7.0,75.697
HAM,Mercedes,78.0,0 days 00:01:16.355000,HARD,28.0,3.0,7.0,76.355
TSU,RB,1.0,0 days 00:41:28.609000,MEDIUM,1.0,1.0,8.0,2488.609
TSU,RB,2.0,0 days 00:02:28.277000,HARD,2.0,2.0,8.0,148.277
TSU,RB,3.0,0 days 00:01:27.563000,HARD,3.0,2.0,8.0,87.563
TSU,RB,4.0,0 days 00:01:23.327000,HARD,4.0,2.0,8.0,83.327
TSU,RB,5.0,0 days 00:01:23.493000,HARD,5.0,2.0,8.0,83.493
TSU,RB,6.0,0 days 00:01:23.224000,HARD,6.0,2.0,8.0,83.224
TSU,RB,7.0,0 days 00:01:21.826000,HARD,7.0,2.0,8.0,81.826
TSU,RB,8.0,0 days 00:01:21.651000,HARD,8.0,2.0,8.0,81.651
TSU,RB,9.0,0 days 00:01:21.896000,HARD,9.0,2.0,8.0,81.896
TSU,RB,10.0,0 days 00:01:21.591000,HARD,10.0,2.0,8.0,81.591
TSU,RB,11.0,0 days 00:01:21.289000,HARD,11.0,2.0,8.0,81.289
TSU,RB,12.0,0 days 00:01:21.089000,HARD,12.0,2.0,8.0,81.089
TSU,RB,13.0,0 days 00:01:20.682000,HARD,13.0,2.0,8.0,80.682
TSU,RB,14.0,0 days 00:01:21.249000,HARD,14.0,2.0,8.0,81.249
TSU,RB,15.0,0 days 00:01:20.099000,HARD,15.0,2.0,8.0,80.099
TSU,RB,16.0,0 days 00:01:20.847000,HARD,16.0,2.0,8.0,80.847
TSU,RB,17.0,0 days 00:01:20.335000,HARD,17.0,2.0,8.0,80.335
TSU,RB,18.0,0 days 00:01:20.612000,HARD,18.0,2.0,8.0,80.612
TSU,RB,19.0,0 days 00:01:20.770000,HARD,19.0,2.0,8.0,80.77
TSU,RB,20.0,0 days 00:01:19.991000,HARD,20.0,2.0,8.0,79.991
TSU,RB,21.0,0 days 00:01:20.557000,HARD,21.0,2.0,8.0,80.557
TSU,RB,22.0,0 days 00:01:20.875000,HARD,22.0,2.0,8.0,80.875
TSU,RB,23.0,0 days 00:01:20.450000,HARD,23.0,2.0,8.0,80.45
TSU,RB,24.0,0 days 00:01:20.386000,HARD,24.0,2.0,8.0,80.386
TSU,RB,25.0,0 days 00:01:20.329000,HARD,25.0,2.0,8.0,80.329
TSU,RB,26.0,0 days 00:01:20.448000,HARD,26.0,2.0,8.0,80.448
TSU,RB,27.0,0 days 00:01:20.286000,HARD,27.0,2.0,8.0,80.286
TSU,RB,28.0,0 days 00:01:20.184000,HARD,28.0,2.0,8.0,80.184
TSU,RB,29.0,0 days 00:01:19.837000,HARD,29.0,2.0,8.0,79.837
TSU,RB,30.0,0 days 00:01:20.495000,HARD,30.0,2.0,8.0,80.495
TSU,RB,31.0,0 days 00:01:20.190000,HARD,31.0,2.0,8.0,80.19
TSU,RB,32.0,0 days 00:01:21.023000,HARD,32.0,2.0,8.0,81.023
TSU,RB,33.0,0 days 00:01:20.749000,HARD,33.0,2.0,8.0,80.749
TSU,RB,34.0,0 days 00:01:19.153000,HARD,34.0,2.0,8.0,79.153
TSU,RB,35.0,0 days 00:01:18.973000,HARD,35.0,2.0,8.0,78.973
TSU,RB,36.0,0 days 00:01:19.472000,HARD,36.0,2.0,8.0,79.472
TSU,RB,37.0,0 days 00:01:20.071000,HARD,37.0,2.0,8.0,80.071
TSU,RB,38.0,0 days 00:01:20.117000,HARD,38.0,2.0,8.0,80.117
TSU,RB,39.0,0 days 00:01:19.855000,HARD,39.0,2.0,8.0,79.855
TSU,RB,40.0,0 days 00:01:19.745000,HARD,40.0,2.0,8.0,79.745
TSU,RB,41.0,0 days 00:01:20.772000,HARD,41.0,2.0,8.0,80.772
TSU,RB,42.0,0 days 00:01:20.320000,HARD,42.0,2.0,8.0,80.32
TSU,RB,43.0,0 days 00:01:20.135000,HARD,43.0,2.0,8.0,80.135
TSU,RB,44.0,0 days 00:01:20.394000,HARD,44.0,2.0,8.0,80.394
TSU,RB,45.0,0 days 00:01:20.144000,HARD,45.0,2.0,8.0,80.144
TSU,RB,46.0,0 days 00:01:20.294000,HARD,46.0,2.0,8.0,80.294
TSU,RB,47.0,0 days 00:01:20.426000,HARD,47.0,2.0,8.0,80.426
TSU,RB,48.0,0 days 00:01:20.543000,HARD,48.0,2.0,8.0,80.543
TSU,RB,49.0,0 days 00:01:20.109000,HARD,49.0,2.0,8.0,80.109
TSU,RB,50.0,0 days 00:01:19.553000,HARD,50.0,2.0,8.0,79.553
TSU,RB,51.0,0 days 00:01:18.640000,HARD,51.0,2.0,8.0,78.64
TSU,RB,52.0,0 days 00:01:20.114000,HARD,52.0,2.0,8.0,80.114
TSU,RB,53.0,0 days 00:01:19.854000,HARD,53.0,2.0,8.0,79.854
TSU,RB,54.0,0 days 00:01:25.770000,HARD,54.0,2.0,8.0,85.77
TSU,RB,55.0,0 days 00:01:19.781000,HARD,55.0,2.0,8.0,79.781
TSU,RB,56.0,0 days 00:01:18.502000,HARD,56.0,2.0,8.0,78.502
TSU,RB,57.0,0 days 00:01:18.499000,HARD,57.0,2.0,8.0,78.499
TSU,RB,58.0,0 days 00:01:18.737000,HARD,58.0,2.0,8.0,78.737
TSU,RB,59.0,0 days 00:01:18.035000,HARD,59.0,2.0,8.0,78.035
TSU,RB,60.0,0 days 00:01:19.659000,HARD,60.0,2.0,8.0,79.659
TSU,RB,61.0,0 days 00:01:20.298000,HARD,61.0,2.0,8.0,80.298
TSU,RB,62.0,0 days 00:01:19.375000,HARD,62.0,2.0,8.0,79.375
TSU,RB,63.0,0 days 00:01:23.218000,HARD,63.0,2.0,8.0,83.218
TSU,RB,64.0,0 days 00:01:17.631000,HARD,64.0,2.0,8.0,77.631
TSU,RB,65.0,0 days 00:01:17.019000,HARD,65.0,2.0,8.0,77.019
TSU,RB,66.0,0 days 00:01:18.197000,HARD,66.0,2.0,8.0,78.197
TSU,RB,67.0,0 days 00:01:18.148000,HARD,67.0,2.0,8.0,78.148
TSU,RB,68.0,0 days 00:01:18.209000,HARD,68.0,2.0,8.0,78.209
TSU,RB,69.0,0 days 00:01:20.032000,HARD,69.0,2.0,8.0,80.032
TSU,RB,70.0,0 days 00:01:19.347000,HARD,70.0,2.0,8.0,79.347
TSU,RB,71.0,0 days 00:01:18.258000,HARD,71.0,2.0,8.0,78.258
TSU,RB,72.0,0 days 00:01:17.079000,HARD,72.0,2.0,8.0,77.079
TSU,RB,73.0,0 days 00:01:15.955000,HARD,73.0,2.0,8.0,75.955
TSU,RB,74.0,0 days 00:01:15.462000,HARD,74.0,2.0,8.0,75.462
TSU,RB,75.0,0 days 00:01:14.992000,HARD,75.0,2.0,8.0,74.992
TSU,RB,76.0,0 days 00:01:15.205000,HARD,76.0,2.0,8.0,75.205
TSU,RB,77.0,0 days 00:01:14.720000,HARD,77.0,2.0,8.0,74.72
ALB,Williams,1.0,0 days 00:41:34.817000,MEDIUM,1.0,1.0,9.0,2494.817
ALB,Williams,2.0,0 days 00:02:22.255000,HARD,1.0,2.0,9.0,142.255
ALB,Williams,3.0,0 days 00:01:27.834000,HARD,2.0,2.0,9.0,87.834
ALB,Williams,4.0,0 days 00:01:23.286000,HARD,3.0,2.0,9.0,83.286
ALB,Williams,5.0,0 days 00:01:23.369000,HARD,4.0,2.0,9.0,83.369
ALB,Williams,6.0,0 days 00:01:23.416000,HARD,5.0,2.0,9.0,83.416
ALB,Williams,7.0,0 days 00:01:21.913000,HARD,6.0,2.0,9.0,81.913
ALB,Williams,8.0,0 days 00:01:21.536000,HARD,7.0,2.0,9.0,81.536
ALB,Williams,9.0,0 days 00:01:22.004000,HARD,8.0,2.0,9.0,82.004
ALB,Williams,10.0,0 days 00:01:21.562000,HARD,9.0,2.0,9.0,81.562
ALB,Williams,11.0,0 days 00:01:21.514000,HARD,10.0,2.0,9.0,81.514
ALB,Williams,12.0,0 days 00:01:20.821000,HARD,11.0,2.0,9.0,80.821
ALB,Williams,13.0,0 days 00:01:21.420000,HARD,12.0,2.0,9.0,81.42
ALB,Williams,14.0,0 days 00:01:20.591000,HARD,13.0,2.0,9.0,80.591
ALB,Williams,15.0,0 days 00:01:20.591000,HARD,14.0,2.0,9.0,80.591
ALB,Williams,16.0,0 days 00:01:20.793000,HARD,15.0,2.0,9.0,80.793
ALB,Williams,17.0,0 days 00:01:21.137000,HARD,16.0,2.0,9.0,81.137
ALB,Williams,18.0,0 days 00:01:20.042000,HARD,17.0,2.0,9.0,80.042
ALB,Williams,19.0,0 days 00:01:20.245000,HARD,18.0,2.0,9.0,80.245
ALB,Williams,20.0,0 days 00:01:20.360000,HARD,19.0,2.0,9.0,80.36
ALB,Williams,21.0,0 days 00:01:20.937000,HARD,20.0,2.0,9.0,80.937
ALB,Williams,22.0,0 days 00:01:20.542000,HARD,21.0,2.0,9.0,80.542
ALB,Williams,23.0,0 days 00:01:20.143000,HARD,22.0,2.0,9.0,80.143
ALB,Williams,24.0,0 days 00:01:20.517000,HARD,23.0,2.0,9.0,80.517
ALB,Williams,25.0,0 days 00:01:20.323000,HARD,24.0,2.0,9.0,80.323
ALB,Williams,26.0,0 days 00:01:20.463000,HARD,25.0,2.0,9.0,80.463
ALB,Williams,27.0,0 days 00:01:20.509000,HARD,26.0,2.0,9.0,80.509
ALB,Williams,28.0,0 days 00:01:19.510000,HARD,27.0,2.0,9.0,79.51
ALB,Williams,29.0,0 days 00:01:20.271000,HARD,28.0,2.0,9.0,80.271
ALB,Williams,30.0,0 days 00:01:21.439000,HARD,29.0,2.0,9.0,81.439
ALB,Williams,31.0,0 days 00:01:20.941000,HARD,30.0,2.0,9.0,80.941
ALB,Williams,32.0,0 days 00:01:20.148000,HARD,31.0,2.0,9.0,80.148
ALB,Williams,33.0,0 days 00:01:19.491000,HARD,32.0,2.0,9.0,79.491
ALB,Williams,34.0,0 days 00:01:19.134000,HARD,33.0,2.0,9.0,79.134
ALB,Williams,35.0,0 days 00:01:18.816000,HARD,34.0,2.0,9.0,78.816
ALB,Williams,36.0,0 days 00:01:21.628000,HARD,35.0,2.0,9.0,81.628
ALB,Williams,37.0,0 days 00:01:20.775000,HARD,36.0,2.0,9.0,80.775
ALB,Williams,38.0,0 days 00:01:20.314000,HARD,37.0,2.0,9.0,80.314
ALB,Williams,39.0,0 days 00:01:20.389000,HARD,38.0,2.0,9.0,80.389
ALB,Williams,40.0,0 days 00:01:19.812000,HARD,39.0,2.0,9.0,79.812
ALB,Williams,41.0,0 days 00:01:19.329000,HARD,40.0,2.0,9.0,79.329
ALB,Williams,42.0,0 days 00:01:20.084000,HARD,41.0,2.0,9.0,80.084
ALB,Williams,43.0,0 days 00:01:19.496000,HARD,42.0,2.0,9.0,79.496
ALB,Williams,44.0,0 days 00:01:19.683000,HARD,43.0,2.0,9.0,79.683
ALB,Williams,45.0,0 days 00:01:21.748000,HARD,44.0,2.0,9.0,81.748
ALB,Williams,46.0,0 days 00:01:20.594000,HARD,45.0,2.0,9.0,80.594
ALB,Williams,47.0,0 days 00:01:20.462000,HARD,46.0,2.0,9.0,80.462
ALB,Williams,48.0,0 days 00:01:19.321000,HARD,47.0,2.0,9.0,79.321
ALB,Williams,49.0,0 days 00:01:19.378000,HARD,48.0,2.0,9.0,79.378
ALB,Williams,50.0,0 days 00:01:19.268000,HARD,49.0,2.0,9.0,79.268
ALB,Williams,51.0,0 days 00:01:18.863000,HARD,50.0,2.0,9.0,78.863
ALB,Williams,52.0,0 days 00:01:21.554000,HARD,51.0,2.0,9.0,81.554
ALB,Williams,53.0,0 days 00:01:20.700000,HARD,52.0,2.0,9.0,80.7
ALB,Williams,54.0,0 days 00:01:23.647000,HARD,53.0,2.0,9.0,83.647
ALB,Williams,55.0,0 days 00:01:19.085000,HARD,54.0,2.0,9.0,79.085
ALB,Williams,56.0,0 days 00:01:18.796000,HARD,55.0,2.0,9.0,78.796
ALB,Williams,57.0,0 days 00:01:18.271000,HARD,56.0,2.0,9.0,78.271
ALB,Williams,58.0,0 days 00:01:18.690000,HARD,57.0,2.0,9.0,78.69
ALB,Williams,59.0,0 days 00:01:18.201000,HARD,58.0,2.0,9.0,78.201
ALB,Williams,60.0,0 days 00:01:19.533000,HARD,59.0,2.0,9.0,79.533
ALB,Williams,61.0,0 days 00:01:20.222000,HARD,60.0,2.0,9.0,80.222
ALB,Williams,62.0,0 days 00:01:19.506000,HARD,61.0,2.0,9.0,79.506
ALB,Williams,63.0,0 days 00:01:23.085000,HARD,62.0,2.0,9.0,83.085
ALB,Williams,64.0,0 days 00:01:17.911000,HARD,63.0,2.0,9.0,77.911
ALB,Williams,65.0,0 days 00:01:17.261000,HARD,64.0,2.0,9.0,77.261
ALB,Williams,66.0,0 days 00:01:18.003000,HARD,65.0,2.0,9.0,78.003
ALB,Williams,67.0,0 days 00:01:17.874000,HARD,66.0,2.0,9.0,77.874
ALB,Williams,68.0,0 days 00:01:18.385000,HARD,67.0,2.0,9.0,78.385
ALB,Williams,69.0,0 days 00:01:19.921000,HARD,68.0,2.0,9.0,79.921
ALB,Williams,70.0,0 days 00:01:19.370000,HARD,69.0,2.0,9.0,79.37
ALB,Williams,71.0,0 days 00:01:18.957000,HARD,70.0,2.0,9.0,78.957
ALB,Williams,72.0,0 days 00:01:18.165000,HARD,71.0,2.0,9.0,78.165
ALB,Williams,73.0,0 days 00:01:18.432000,HARD,72.0,2.0,9.0,78.432
ALB,Williams,74.0,0 days 00:01:18.014000,HARD,73.0,2.0,9.0,78.014
ALB,Williams,75.0,0 days 00:01:17.850000,HARD,74.0,2.0,9.0,77.85
ALB,Williams,76.0,0 days 00:01:17.279000,HARD,75.0,2.0,9.0,77.279
ALB,Williams,77.0,0 days 00:01:17.060000,HARD,76.0,2.0,9.0,77.06
GAS,Alpine,1.0,0 days 00:41:37.695000,HARD,1.0,1.0,10.0,2497.695
GAS,Alpine,2.0,0 days 00:02:19.618000,MEDIUM,1.0,2.0,10.0,139.618
GAS,Alpine,3.0,0 days 00:01:28.269000,MEDIUM,2.0,2.0,10.0,88.269
GAS,Alpine,4.0,0 days 00:01:23.269000,MEDIUM,3.0,2.0,10.0,83.269
GAS,Alpine,5.0,0 days 00:01:23.428000,MEDIUM,4.0,2.0,10.0,83.428
GAS,Alpine,6.0,0 days 00:01:23.106000,MEDIUM,5.0,2.0,10.0,83.106
GAS,Alpine,7.0,0 days 00:01:22.233000,MEDIUM,6.0,2.0,10.0,82.233
GAS,Alpine,8.0,0 days 00:01:21.600000,MEDIUM,7.0,2.0,10.0,81.6
GAS,Alpine,9.0,0 days 00:01:22.071000,MEDIUM,8.0,2.0,10.0,82.071
GAS,Alpine,10.0,0 days 00:01:21.394000,MEDIUM,9.0,2.0,10.0,81.394
GAS,Alpine,11.0,0 days 00:01:21.298000,MEDIUM,10.0,2.0,10.0,81.298
GAS,Alpine,12.0,0 days 00:01:21.289000,MEDIUM,11.0,2.0,10.0,81.289
GAS,Alpine,13.0,0 days 00:01:21.530000,MEDIUM,12.0,2.0,10.0,81.53
GAS,Alpine,14.0,0 days 00:01:19.920000,MEDIUM,13.0,2.0,10.0,79.92
GAS,Alpine,15.0,0 days 00:01:21.066000,MEDIUM,14.0,2.0,10.0,81.066
GAS,Alpine,16.0,0 days 00:01:21.054000,MEDIUM,15.0,2.0,10.0,81.054
GAS,Alpine,17.0,0 days 00:01:21.961000,MEDIUM,16.0,2.0,10.0,81.961
GAS,Alpine,18.0,0 days 00:01:20.797000,MEDIUM,17.0,2.0,10.0,80.797
GAS,Alpine,19.0,0 days 00:01:19.904000,MEDIUM,18.0,2.0,10.0,79.904
GAS,Alpine,20.0,0 days 00:01:20.255000,MEDIUM,19.0,2.0,10.0,80.255
GAS,Alpine,21.0,0 days 00:01:19.876000,MEDIUM,20.0,2.0,10.0,79.876
GAS,Alpine,22.0,0 days 00:01:20.554000,MEDIUM,21.0,2.0,10.0,80.554
GAS,Alpine,23.0,0 days 00:01:21.306000,MEDIUM,22.0,2.0,10.0,81.306
GAS,Alpine,24.0,0 days 00:01:20.949000,MEDIUM,23.0,2.0,10.0,80.949
GAS,Alpine,25.0,0 days 00:01:20.372000,MEDIUM,24.0,2.0,10.0,80.372
GAS,Alpine,26.0,0 days 00:01:20.593000,MEDIUM,25.0,2.0,10.0,80.593
GAS,Alpine,27.0,0 days 00:01:20.521000,MEDIUM,26.0,2.0,10.0,80.521
GAS,Alpine,28.0,0 days 00:01:20.229000,MEDIUM,27.0,2.0,10.0,80.229
GAS,Alpine,29.0,0 days 00:01:19.376000,MEDIUM,28.0,2.0,10.0,79.376
GAS,Alpine,30.0,0 days 00:01:21.764000,MEDIUM,29.0,2.0,10.0,81.764
GAS,Alpine,31.0,0 days 00:01:21.427000,MEDIUM,30.0,2.0,10.0,81.427
GAS,Alpine,32.0,0 days 00:01:21.121000,MEDIUM,31.0,2.0,10.0,81.121
GAS,Alpine,33.0,0 days 00:01:20.965000,MEDIUM,32.0,2.0,10.0,80.965
GAS,Alpine,34.0,0 days 00:01:20.751000,MEDIUM,33.0,2.0,10.0,80.751
GAS,Alpine,35.0,0 days 00:01:19.361000,MEDIUM,34.0,2.0,10.0,79.361
GAS,Alpine,36.0,0 days 00:01:19.576000,MEDIUM,35.0,2.0,10.0,79.576
GAS,Alpine,37.0,0 days 00:01:19.975000,MEDIUM,36.0,2.0,10.0,79.975
GAS,Alpine,38.0,0 days 00:01:19.428000,MEDIUM,37.0,2.0,10.0,79.428
GAS,Alpine,39.0,0 days 00:01:20.320000,MEDIUM,38.0,2.0,10.0,80.32
GAS,Alpine,40.0,0 days 00:01:20.384000,MEDIUM,39.0,2.0,10.0,80.384
GAS,Alpine,41.0,0 days 00:01:20.200000,MEDIUM,40.0,2.0,10.0,80.2
GAS,Alpine,42.0,0 days 00:01:19.977000,MEDIUM,41.0,2.0,10.0,79.977
GAS,Alpine,43.0,0 days 00:01:21.048000,MEDIUM,42.0,2.0,10.0,81.048
GAS,Alpine,44.0,0 days 00:01:20.621000,MEDIUM,43.0,2.0,10.0,80.621
GAS,Alpine,45.0,0 days 00:01:19.382000,MEDIUM,44.0,2.0,10.0,79.382
GAS,Alpine,46.0,0 days 00:01:19.970000,MEDIUM,45.0,2.0,10.0,79.97
GAS,Alpine,47.0,0 days 00:01:19.435000,MEDIUM,46.0,2.0,10.0,79.435
GAS,Alpine,48.0,0 days 00:01:19.865000,MEDIUM,47.0,2.0,10.0,79.865
GAS,Alpine,49.0,0 days 00:01:20.534000,MEDIUM,48.0,2.0,10.0,80.534
GAS,Alpine,50.0,0 days 00:01:21.023000,MEDIUM,49.0,2.0,10.0,81.023
GAS,Alpine,51.0,0 days 00:01:24.473000,MEDIUM,50.0,2.0,10.0,84.473
GAS,Alpine,52.0,0 days 00:01:19.743000,MEDIUM,51.0,2.0,10.0,79.743
GAS,Alpine,53.0,0 days 00:01:19.917000,MEDIUM,52.0,2.0,10.0,79.917
GAS,Alpine,54.0,0 days 00:01:19.091000,MEDIUM,53.0,2.0,10.0,79.091
GAS,Alpine,55.0,0 days 00:01:19.407000,MEDIUM,54.0,2.0,10.0,79.407
GAS,Alpine,56.0,0 days 00:01:19.704000,MEDIUM,55.0,2.0,10.0,79.704
GAS,Alpine,57.0,0 days 00:01:19.448000,MEDIUM,56.0,2.0,10.0,79.448
GAS,Alpine,58.0,0 days 00:01:19.097000,MEDIUM,57.0,2.0,10.0,79.097
GAS,Alpine,59.0,0 days 00:01:21.378000,MEDIUM,58.0,2.0,10.0,81.378
GAS,Alpine,60.0,0 days 00:01:20.237000,MEDIUM,59.0,2.0,10.0,80.237
GAS,Alpine,61.0,0 days 00:01:20.407000,MEDIUM,60.0,2.0,10.0,80.407
GAS,Alpine,62.0,0 days 00:01:18.469000,MEDIUM,61.0,2.0,10.0,78.469
GAS,Alpine,63.0,0 days 00:01:19.155000,MEDIUM,62.0,2.0,10.0,79.155
GAS,Alpine,64.0,0 days 00:01:18.868000,MEDIUM,63.0,2.0,10.0,78.868
GAS,Alpine,65.0,0 days 00:01:19.220000,MEDIUM,64.0,2.0,10.0,79.22
GAS,Alpine,66.0,0 days 00:01:18.726000,MEDIUM,65.0,2.0,10.0,78.726
GAS,Alpine,67.0,0 days 00:01:18.624000,MEDIUM,66.0,2.0,10.0,78.624
GAS,Alpine,68.0,0 days 00:01:18.545000,MEDIUM,67.0,2.0,10.0,78.545
GAS,Alpine,69.0,0 days 00:01:18.363000,MEDIUM,68.0,2.0,10.0,78.363
GAS,Alpine,70.0,0 days 00:01:17.799000,MEDIUM,69.0,2.0,10.0,77.799
GAS,Alpine,71.0,0 days 00:01:18.140000,MEDIUM,70.0,2.0,10.0,78.14
GAS,Alpine,72.0,0 days 00:01:18.382000,MEDIUM,71.0,2.0,10.0,78.382
GAS,Alpine,73.0,0 days 00:01:17.992000,MEDIUM,72.0,2.0,10.0,77.992
GAS,Alpine,74.0,0 days 00:01:16.689000,MEDIUM,73.0,2.0,10.0,76.689
GAS,Alpine,75.0,0 days 00:01:18.120000,MEDIUM,74.0,2.0,10.0,78.12
GAS,Alpine,76.0,0 days 00:01:17.516000,MEDIUM,75.0,2.0,10.0,77.516
GAS,Alpine,77.0,0 days 00:01:15.625000,MEDIUM,76.0,2.0,10.0,75.625
ALO,Aston Martin,1.0,0 days 00:41:53.184000,HARD,2.0,1.0,13.0,2513.184
ALO,Aston Martin,2.0,0 days 00:02:04.571000,MEDIUM,2.0,2.0,13.0,124.571
ALO,Aston Martin,3.0,0 days 00:01:29.188000,MEDIUM,3.0,2.0,12.0,89.188
ALO,Aston Martin,4.0,0 days 00:01:23.736000,MEDIUM,4.0,2.0,12.0,83.736
ALO,Aston Martin,5.0,0 days 00:01:23.575000,MEDIUM,5.0,2.0,12.0,83.575
ALO,Aston Martin,6.0,0 days 00:01:22.711000,MEDIUM,6.0,2.0,12.0,82.711
ALO,Aston Martin,7.0,0 days 00:01:22.866000,MEDIUM,7.0,2.0,12.0,82.866
ALO,Aston Martin,8.0,0 days 00:01:22.284000,MEDIUM,8.0,2.0,12.0,82.284
ALO,Aston Martin,9.0,0 days 00:01:21.650000,MEDIUM,9.0,2.0,12.0,81.65
ALO,Aston Martin,10.0,0 days 00:01:21.864000,MEDIUM,10.0,2.0,12.0,81.864
ALO,Aston Martin,11.0,0 days 00:01:21.418000,MEDIUM,11.0,2.0,12.0,81.418
ALO,Aston Martin,12.0,0 days 00:01:21.366000,MEDIUM,12.0,2.0,12.0,81.366
ALO,Aston Martin,13.0,0 days 00:01:21.428000,MEDIUM,13.0,2.0,12.0,81.428
ALO,Aston Martin,14.0,0 days 00:01:21.392000,MEDIUM,14.0,2.0,12.0,81.392
ALO,Aston Martin,15.0,0 days 00:01:21.061000,MEDIUM,15.0,2.0,12.0,81.061
ALO,Aston Martin,16.0,0 days 00:01:21.318000,MEDIUM,16.0,2.0,12.0,81.318
ALO,Aston Martin,17.0,0 days 00:01:20.799000,MEDIUM,17.0,2.0,12.0,80.799
ALO,Aston Martin,18.0,0 days 00:01:21.075000,MEDIUM,18.0,2.0,12.0,81.075
ALO,Aston Martin,19.0,0 days 00:01:20.605000,MEDIUM,19.0,2.0,12.0,80.605
ALO,Aston Martin,20.0,0 days 00:01:21.110000,MEDIUM,20.0,2.0,12.0,81.11
ALO,Aston Martin,21.0,0 days 00:01:20.317000,MEDIUM,21.0,2.0,12.0,80.317
ALO,Aston Martin,22.0,0 days 00:01:21.037000,MEDIUM,22.0,2.0,12.0,81.037
ALO,Aston Martin,23.0,0 days 00:01:20.246000,MEDIUM,23.0,2.0,12.0,80.246
ALO,Aston Martin,24.0,0 days 00:01:21.413000,MEDIUM,24.0,2.0,12.0,81.413
ALO,Aston Martin,25.0,0 days 00:01:21.091000,MEDIUM,25.0,2.0,12.0,81.091
ALO,Aston Martin,26.0,0 days 00:01:20.858000,MEDIUM,26.0,2.0,12.0,80.858
ALO,Aston Martin,27.0,0 days 00:01:21.303000,MEDIUM,27.0,2.0,12.0,81.303
ALO,Aston Martin,28.0,0 days 00:01:21.544000,MEDIUM,28.0,2.0,12.0,81.544
ALO,Aston Martin,29.0,0 days 00:01:21.205000,MEDIUM,29.0,2.0,12.0,81.205
ALO,Aston Martin,30.0,0 days 00:01:21.034000,MEDIUM,30.0,2.0,12.0,81.034
ALO,Aston Martin,31.0,0 days 00:01:20.642000,MEDIUM,31.0,2.0,12.0,80.642
ALO,Aston Martin,32.0,0 days 00:01:21.010000,MEDIUM,32.0,2.0,12.0,81.01
ALO,Aston Martin,33.0,0 days 00:01:20.350000,MEDIUM,33.0,2.0,12.0,80.35
ALO,Aston Martin,34.0,0 days 00:01:20.877000,MEDIUM,34.0,2.0,12.0,80.877
ALO,Aston Martin,35.0,0 days 00:01:20.432000,MEDIUM,35.0,2.0,12.0,80.432
ALO,Aston Martin,36.0,0 days 00:01:21.128000,MEDIUM,36.0,2.0,12.0,81.128
ALO,Aston Martin,37.0,0 days 00:01:21.512000,MEDIUM,37.0,2.0,12.0,81.512
ALO,Aston Martin,38.0,0 days 00:01:21.082000,MEDIUM,38.0,2.0,12.0,81.082
ALO,Aston Martin,39.0,0 days 00:01:21.265000,MEDIUM,39.0,2.0,12.0,81.265
ALO,Aston Martin,40.0,0 days 00:01:20.755000,MEDIUM,40.0,2.0,12.0,80.755
ALO,Aston Martin,41.0,0 days 00:01:23.446000,MEDIUM,41.0,2.0,12.0,83.446
ALO,Aston Martin,42.0,0 days 00:01:23.332000,MEDIUM,42.0,2.0,12.0,83.332
ALO,Aston Martin,43.0,0 days 00:01:20.286000,MEDIUM,43.0,2.0,12.0,80.286
ALO,Aston Martin,44.0,0 days 00:01:18.852000,MEDIUM,44.0,2.0,12.0,78.852
ALO,Aston Martin,45.0,0 days 00:01:19.956000,MEDIUM,45.0,2.0,12.0,79.956
ALO,Aston Martin,46.0,0 days 00:01:18.928000,MEDIUM,46.0,2.0,12.0,78.928
ALO,Aston Martin,47.0,0 days 00:01:19.109000,MEDIUM,47.0,2.0,12.0,79.109
ALO,Aston Martin,48.0,0 days 00:01:20.315000,MEDIUM,48.0,2.0,11.0,80.315
ALO,Aston Martin,49.0,0 days 00:01:19.837000,MEDIUM,49.0,2.0,11.0,79.837
ALO,Aston Martin,50.0,0 days 00:01:19.334000,MEDIUM,50.0,2.0,11.0,79.334
ALO,Aston Martin,51.0,0 days 00:01:20.636000,MEDIUM,51.0,2.0,11.0,80.636
ALO,Aston Martin,52.0,0 days 00:01:23.377000,MEDIUM,52.0,2.0,11.0,83.377
ALO,Aston Martin,53.0,0 days 00:01:19.992000,MEDIUM,53.0,2.0,11.0,79.992
ALO,Aston Martin,54.0,0 days 00:01:19.191000,MEDIUM,54.0,2.0,11.0,79.191
ALO,Aston Martin,55.0,0 days 00:01:19.411000,MEDIUM,55.0,2.0,11.0,79.411
ALO,Aston Martin,56.0,0 days 00:01:20.739000,MEDIUM,56.0,2.0,11.0,80.739
ALO,Aston Martin,57.0,0 days 00:01:20.600000,MEDIUM,57.0,2.0,11.0,80.6
ALO,Aston Martin,58.0,0 days 00:01:19.229000,MEDIUM,58.0,2.0,11.0,79.229
ALO,Aston Martin,59.0,0 days 00:01:19.219000,MEDIUM,59.0,2.0,11.0,79.219
ALO,Aston Martin,60.0,0 days 00:01:19.166000,MEDIUM,60.0,2.0,11.0,79.166
ALO,Aston Martin,61.0,0 days 00:01:18.752000,MEDIUM,61.0,2.0,11.0,78.752
ALO,Aston Martin,62.0,0 days 00:01:18.816000,MEDIUM,62.0,2.0,11.0,78.816
ALO,Aston Martin,63.0,0 days 00:01:18.556000,MEDIUM,63.0,2.0,11.0,78.556
ALO,Aston Martin,64.0,0 days 00:01:18.736000,MEDIUM,64.0,2.0,11.0,78.736
ALO,Aston Martin,65.0,0 days 00:01:18.633000,MEDIUM,65.0,2.0,11.0,78.633
ALO,Aston Martin,66.0,0 days 00:01:18.637000,MEDIUM,66.0,2.0,11.0,78.637
ALO,Aston Martin,67.0,0 days 00:01:18.126000,MEDIUM,67.0,2.0,11.0,78.126
ALO,Aston Martin,68.0,0 days 00:01:17.939000,MEDIUM,68.0,2.0,11.0,77.939
ALO,Aston Martin,69.0,0 days 00:01:18.713000,MEDIUM,69.0,2.0,11.0,78.713
ALO,Aston Martin,70.0,0 days 00:01:18.473000,MEDIUM,70.0,2.0,11.0,78.473
ALO,Aston Martin,71.0,0 days 00:01:18.133000,MEDIUM,71.0,2.0,11.0,78.133
ALO,Aston Martin,72.0,0 days 00:01:18.081000,MEDIUM,72.0,2.0,11.0,78.081
ALO,Aston Martin,73.0,0 days 00:01:18.504000,MEDIUM,73.0,2.0,11.0,78.504
ALO,Aston Martin,74.0,0 days 00:01:20.336000,MEDIUM,74.0,2.0,11.0,80.336
ALO,Aston Martin,75.0,0 days 00:01:18.663000,MEDIUM,75.0,2.0,11.0,78.663
ALO,Aston Martin,76.0,0 days 00:01:19.053000,MEDIUM,76.0,2.0,11.0,79.053
RIC,RB,1.0,0 days 00:41:47.607000,MEDIUM,1.0,1.0,12.0,2507.607
RIC,RB,2.0,0 days 00:02:10.108000,HARD,2.0,2.0,12.0,130.108
RIC,RB,3.0,0 days 00:01:29.656000,HARD,3.0,2.0,13.0,89.656
RIC,RB,4.0,0 days 00:01:23.524000,HARD,4.0,2.0,13.0,83.524
RIC,RB,5.0,0 days 00:01:23.744000,HARD,5.0,2.0,13.0,83.744
RIC,RB,6.0,0 days 00:01:22.748000,HARD,6.0,2.0,13.0,82.748
RIC,RB,7.0,0 days 00:01:22.747000,HARD,7.0,2.0,13.0,82.747
RIC,RB,8.0,0 days 00:01:22.433000,HARD,8.0,2.0,13.0,82.433
RIC,RB,9.0,0 days 00:01:21.528000,HARD,9.0,2.0,13.0,81.528
RIC,RB,10.0,0 days 00:01:21.976000,HARD,10.0,2.0,13.0,81.976
RIC,RB,11.0,0 days 00:01:21.530000,HARD,11.0,2.0,13.0,81.53
RIC,RB,12.0,0 days 00:01:21.277000,HARD,12.0,2.0,13.0,81.277
RIC,RB,13.0,0 days 00:01:21.416000,HARD,13.0,2.0,13.0,81.416
RIC,RB,14.0,0 days 00:01:21.391000,HARD,14.0,2.0,13.0,81.391
RIC,RB,15.0,0 days 00:01:21.177000,HARD,15.0,2.0,13.0,81.177
RIC,RB,16.0,0 days 00:01:21.125000,HARD,16.0,2.0,13.0,81.125
RIC,RB,17.0,0 days 00:01:20.862000,HARD,17.0,2.0,13.0,80.862
RIC,RB,18.0,0 days 00:01:21.108000,HARD,18.0,2.0,13.0,81.108
RIC,RB,19.0,0 days 00:01:21.310000,HARD,19.0,2.0,13.0,81.31
RIC,RB,20.0,0 days 00:01:20.942000,HARD,20.0,2.0,13.0,80.942
RIC,RB,21.0,0 days 00:01:20.817000,HARD,21.0,2.0,13.0,80.817
RIC,RB,22.0,0 days 00:01:20.849000,HARD,22.0,2.0,13.0,80.849
RIC,RB,23.0,0 days 00:01:20.662000,HARD,23.0,2.0,13.0,80.662
RIC,RB,24.0,0 days 00:01:20.348000,HARD,24.0,2.0,13.0,80.348
RIC,RB,25.0,0 days 00:01:21.029000,HARD,25.0,2.0,13.0,81.029
RIC,RB,26.0,0 days 00:01:20.691000,HARD,26.0,2.0,13.0,80.691
RIC,RB,27.0,0 days 00:01:21.365000,HARD,27.0,2.0,13.0,81.365
RIC,RB,28.0,0 days 00:01:21.566000,HARD,28.0,2.0,13.0,81.566
RIC,RB,29.0,0 days 00:01:21.265000,HARD,29.0,2.0,13.0,81.265
RIC,RB,30.0,0 days 00:01:20.900000,HARD,30.0,2.0,13.0,80.9
RIC,RB,31.0,0 days 00:01:20.703000,HARD,31.0,2.0,13.0,80.703
RIC,RB,32.0,0 days 00:01:20.940000,HARD,32.0,2.0,13.0,80.94
RIC,RB,33.0,0 days 00:01:20.395000,HARD,33.0,2.0,13.0,80.395
RIC,RB,34.0,0 days 00:01:20.840000,HARD,34.0,2.0,13.0,80.84
RIC,RB,35.0,0 days 00:01:20.540000,HARD,35.0,2.0,13.0,80.54
RIC,RB,36.0,0 days 00:01:21.126000,HARD,36.0,2.0,13.0,81.126
RIC,RB,37.0,0 days 00:01:21.358000,HARD,37.0,2.0,13.0,81.358
RIC,RB,38.0,0 days 00:01:21.099000,HARD,38.0,2.0,13.0,81.099
RIC,RB,39.0,0 days 00:01:21.255000,HARD,39.0,2.0,13.0,81.255
RIC,RB,40.0,0 days 00:01:20.870000,HARD,40.0,2.0,13.0,80.87
RIC,RB,41.0,0 days 00:01:25.218000,HARD,41.0,2.0,13.0,85.218
RIC,RB,42.0,0 days 00:01:21.527000,HARD,42.0,2.0,13.0,81.527
RIC,RB,43.0,0 days 00:01:21.053000,HARD,43.0,2.0,13.0,81.053
RIC,RB,44.0,0 days 00:01:18.003000,HARD,44.0,2.0,13.0,78.003
RIC,RB,45.0,0 days 00:01:21.761000,HARD,45.0,2.0,13.0,81.761
RIC,RB,46.0,0 days 00:01:17.172000,HARD,46.0,2.0,13.0,77.172
RIC,RB,47.0,0 days 00:01:21.071000,HARD,47.0,2.0,13.0,81.071
RIC,RB,48.0,0 days 00:01:18.282000,HARD,48.0,2.0,12.0,78.282
RIC,RB,49.0,0 days 00:01:19.837000,HARD,49.0,2.0,12.0,79.837
RIC,RB,50.0,0 days 00:01:19.796000,HARD,50.0,2.0,12.0,79.796
RIC,RB,51.0,0 days 00:01:22.683000,HARD,51.0,2.0,12.0,82.683
RIC,RB,52.0,0 days 00:01:20.696000,HARD,52.0,2.0,12.0,80.696
RIC,RB,53.0,0 days 00:01:20.079000,HARD,53.0,2.0,12.0,80.079
RIC,RB,54.0,0 days 00:01:19.176000,HARD,54.0,2.0,12.0,79.176
RIC,RB,55.0,0 days 00:01:19.457000,HARD,55.0,2.0,12.0,79.457
RIC,RB,56.0,0 days 00:01:22.007000,HARD,56.0,2.0,12.0,82.007
RIC,RB,57.0,0 days 00:01:19.672000,HARD,57.0,2.0,12.0,79.672
RIC,RB,58.0,0 days 00:01:19.119000,HARD,58.0,2.0,12.0,79.119
RIC,RB,59.0,0 days 00:01:18.936000,HARD,59.0,2.0,12.0,78.936
RIC,RB,60.0,0 days 00:01:19.230000,HARD,60.0,2.0,12.0,79.23
RIC,RB,61.0,0 days 00:01:18.771000,HARD,61.0,2.0,12.0,78.771
RIC,RB,62.0,0 days 00:01:18.977000,HARD,62.0,2.0,12.0,78.977
RIC,RB,63.0,0 days 00:01:18.805000,HARD,63.0,2.0,12.0,78.805
RIC,RB,64.0,0 days 00:01:18.637000,HARD,64.0,2.0,12.0,78.637
RIC,RB,65.0,0 days 00:01:18.730000,HARD,65.0,2.0,12.0,78.73
RIC,RB,66.0,0 days 00:01:18.248000,HARD,66.0,2.0,12.0,78.248
RIC,RB,67.0,0 days 00:01:18.219000,HARD,67.0,2.0,12.0,78.219
RIC,RB,68.0,0 days 00:01:18.116000,HARD,68.0,2.0,12.0,78.116
RIC,RB,69.0,0 days 00:01:18.386000,HARD,69.0,2.0,12.0,78.386
RIC,RB,70.0,0 days 00:01:18.706000,HARD,70.0,2.0,12.0,78.706
RIC,RB,71.0,0 days 00:01:18.108000,HARD,71.0,2.0,12.0,78.108
RIC,RB,72.0,0 days 00:01:18.068000,HARD,72.0,2.0,12.0,78.068
RIC,RB,73.0,0 days 00:01:18.512000,HARD,73.0,2.0,12.0,78.512
RIC,RB,74.0,0 days 00:01:20.358000,HARD,74.0,2.0,12.0,80.358
RIC,RB,75.0,0 days 00:01:18.645000,HARD,75.0,2.0,12.0,78.645
RIC,RB,76.0,0 days 00:01:18.930000,HARD,76.0,2.0,12.0,78.93
BOT,Kick Sauber,1.0,0 days 00:42:01.748000,HARD,1.0,1.0,15.0,2521.748
BOT,Kick Sauber,2.0,0 days 00:01:56.358000,MEDIUM,1.0,2.0,15.0,116.358
BOT,Kick Sauber,3.0,0 days 00:01:29.743000,MEDIUM,2.0,2.0,14.0,89.743
BOT,Kick Sauber,4.0,0 days 00:01:23.386000,MEDIUM,3.0,2.0,14.0,83.386
BOT,Kick Sauber,5.0,0 days 00:01:23.636000,MEDIUM,4.0,2.0,14.0,83.636
BOT,Kick Sauber,6.0,0 days 00:01:22.868000,MEDIUM,5.0,2.0,14.0,82.868
BOT,Kick Sauber,7.0,0 days 00:01:22.832000,MEDIUM,6.0,2.0,14.0,82.832
BOT,Kick Sauber,8.0,0 days 00:01:22.249000,MEDIUM,7.0,2.0,14.0,82.249
BOT,Kick Sauber,9.0,0 days 00:01:21.715000,MEDIUM,8.0,2.0,14.0,81.715
BOT,Kick Sauber,10.0,0 days 00:01:21.947000,MEDIUM,9.0,2.0,14.0,81.947
BOT,Kick Sauber,11.0,0 days 00:01:21.547000,MEDIUM,10.0,2.0,14.0,81.547
BOT,Kick Sauber,12.0,0 days 00:01:21.328000,MEDIUM,11.0,2.0,14.0,81.328
BOT,Kick Sauber,13.0,0 days 00:01:21.540000,MEDIUM,12.0,2.0,14.0,81.54
BOT,Kick Sauber,14.0,0 days 00:01:21.221000,MEDIUM,13.0,2.0,14.0,81.221
BOT,Kick Sauber,15.0,0 days 00:01:37.899000,MEDIUM,14.0,2.0,16.0,97.899
BOT,Kick Sauber,16.0,0 days 00:01:20.012000,HARD,2.0,3.0,16.0,80.012
BOT,Kick Sauber,17.0,0 days 00:01:16.561000,HARD,3.0,3.0,16.0,76.561
BOT,Kick Sauber,18.0,0 days 00:01:16.567000,HARD,4.0,3.0,16.0,76.567
BOT,Kick Sauber,19.0,0 days 00:01:17.829000,HARD,5.0,3.0,16.0,77.829
BOT,Kick Sauber,20.0,0 days 00:01:19.124000,HARD,6.0,3.0,16.0,79.124
BOT,Kick Sauber,21.0,0 days 00:01:20.462000,HARD,7.0,3.0,16.0,80.462
BOT,Kick Sauber,22.0,0 days 00:01:21.022000,HARD,8.0,3.0,16.0,81.022
BOT,Kick Sauber,23.0,0 days 00:01:20.750000,HARD,9.0,3.0,16.0,80.75
BOT,Kick Sauber,24.0,0 days 00:01:20.564000,HARD,10.0,3.0,16.0,80.564
BOT,Kick Sauber,25.0,0 days 00:01:20.783000,HARD,11.0,3.0,16.0,80.783
BOT,Kick Sauber,26.0,0 days 00:01:20.851000,HARD,12.0,3.0,16.0,80.851
BOT,Kick Sauber,27.0,0 days 00:01:21.370000,HARD,13.0,3.0,16.0,81.37
BOT,Kick Sauber,28.0,0 days 00:01:21.765000,HARD,14.0,3.0,16.0,81.765
BOT,Kick Sauber,29.0,0 days 00:01:20.857000,HARD,15.0,3.0,16.0,80.857
BOT,Kick Sauber,30.0,0 days 00:01:21.470000,HARD,16.0,3.0,16.0,81.47
BOT,Kick Sauber,31.0,0 days 00:01:20.752000,HARD,17.0,3.0,16.0,80.752
BOT,Kick Sauber,32.0,0 days 00:01:20.658000,HARD,18.0,3.0,16.0,80.658
BOT,Kick Sauber,33.0,0 days 00:01:20.525000,HARD,19.0,3.0,16.0,80.525
BOT,Kick Sauber,34.0,0 days 00:01:20.903000,HARD,20.0,3.0,16.0,80.903
BOT,Kick Sauber,35.0,0 days 00:01:20.254000,HARD,21.0,3.0,16.0,80.254
BOT,Kick Sauber,36.0,0 days 00:01:21.196000,HARD,22.0,3.0,16.0,81.196
BOT,Kick Sauber,37.0,0 days 00:01:21.386000,HARD,23.0,3.0,16.0,81.386
BOT,Kick Sauber,38.0,0 days 00:01:20.948000,HARD,24.0,3.0,16.0,80.948
BOT,Kick Sauber,39.0,0 days 00:01:23.172000,HARD,25.0,3.0,16.0,83.172
BOT,Kick Sauber,40.0,0 days 00:01:23.591000,HARD,26.0,3.0,16.0,83.591
BOT,Kick Sauber,41.0,0 days 00:01:20.230000,HARD,27.0,3.0,16.0,80.23
BOT,Kick Sauber,42.0,0 days 00:01:22.109000,HARD,28.0,3.0,16.0,82.109
BOT,Kick Sauber,43.0,0 days 00:01:20.912000,HARD,29.0,3.0,16.0,80.912
BOT,Kick Sauber,44.0,0 days 00:01:19.772000,HARD,30.0,3.0,16.0,79.772
BOT,Kick Sauber,45.0,0 days 00:01:20.043000,HARD,31.0,3.0,16.0,80.043
BOT,Kick Sauber,46.0,0 days 00:01:20.417000,HARD,32.0,3.0,16.0,80.417
BOT,Kick Sauber,47.0,0 days 00:01:22.969000,HARD,33.0,3.0,16.0,82.969
BOT,Kick Sauber,48.0,0 days 00:01:20.562000,HARD,34.0,3.0,15.0,80.562
BOT,Kick Sauber,49.0,0 days 00:01:20.818000,HARD,35.0,3.0,15.0,80.818
BOT,Kick Sauber,50.0,0 days 00:01:20.239000,HARD,36.0,3.0,14.0,80.239
BOT,Kick Sauber,51.0,0 days 00:01:17.205000,HARD,37.0,3.0,13.0,77.205
BOT,Kick Sauber,52.0,0 days 00:01:17.202000,HARD,38.0,3.0,13.0,77.202
BOT,Kick Sauber,53.0,0 days 00:01:18.456000,HARD,39.0,3.0,13.0,78.456
BOT,Kick Sauber,54.0,0 days 00:01:19.403000,HARD,40.0,3.0,13.0,79.403
BOT,Kick Sauber,55.0,0 days 00:01:20.375000,HARD,41.0,3.0,13.0,80.375
BOT,Kick Sauber,56.0,0 days 00:01:21.657000,HARD,42.0,3.0,13.0,81.657
BOT,Kick Sauber,57.0,0 days 00:01:18.994000,HARD,43.0,3.0,13.0,78.994
BOT,Kick Sauber,58.0,0 days 00:01:19.280000,HARD,44.0,3.0,13.0,79.28
BOT,Kick Sauber,59.0,0 days 00:01:18.999000,HARD,45.0,3.0,13.0,78.999
BOT,Kick Sauber,60.0,0 days 00:01:19.069000,HARD,46.0,3.0,13.0,79.069
BOT,Kick Sauber,61.0,0 days 00:01:18.623000,HARD,47.0,3.0,13.0,78.623
BOT,Kick Sauber,62.0,0 days 00:01:18.964000,HARD,48.0,3.0,13.0,78.964
BOT,Kick Sauber,63.0,0 days 00:01:19.024000,HARD,49.0,3.0,13.0,79.024
BOT,Kick Sauber,64.0,0 days 00:01:18.531000,HARD,50.0,3.0,13.0,78.531
BOT,Kick Sauber,65.0,0 days 00:01:18.642000,HARD,51.0,3.0,13.0,78.642
BOT,Kick Sauber,66.0,0 days 00:01:18.383000,HARD,52.0,3.0,13.0,78.383
BOT,Kick Sauber,67.0,0 days 00:01:18.467000,HARD,53.0,3.0,13.0,78.467
BOT,Kick Sauber,68.0,0 days 00:01:18.052000,HARD,54.0,3.0,13.0,78.052
BOT,Kick Sauber,69.0,0 days 00:01:18.088000,HARD,55.0,3.0,13.0,78.088
BOT,Kick Sauber,70.0,0 days 00:01:18.778000,HARD,56.0,3.0,13.0,78.778
BOT,Kick Sauber,71.0,0 days 00:01:18.104000,HARD,57.0,3.0,13.0,78.104
BOT,Kick Sauber,72.0,0 days 00:01:18.347000,HARD,58.0,3.0,13.0,78.347
BOT,Kick Sauber,73.0,0 days 00:01:20.068000,HARD,59.0,3.0,13.0,80.068
BOT,Kick Sauber,74.0,0 days 00:01:18.318000,HARD,60.0,3.0,13.0,78.318
BOT,Kick Sauber,75.0,0 days 00:01:18.779000,HARD,61.0,3.0,13.0,78.779
BOT,Kick Sauber,76.0,0 days 00:01:18.774000,HARD,62.0,3.0,13.0,78.774
STR,Aston Martin,1.0,0 days 00:41:42.648000,HARD,2.0,1.0,11.0,2502.648
STR,Aston Martin,2.0,0 days 00:02:14.844000,MEDIUM,2.0,2.0,11.0,134.844
STR,Aston Martin,3.0,0 days 00:01:28.303000,MEDIUM,3.0,2.0,11.0,88.303
STR,Aston Martin,4.0,0 days 00:01:23.354000,MEDIUM,4.0,2.0,11.0,83.354
STR,Aston Martin,5.0,0 days 00:01:23.731000,MEDIUM,5.0,2.0,11.0,83.731
STR,Aston Martin,6.0,0 days 00:01:22.977000,MEDIUM,6.0,2.0,11.0,82.977
STR,Aston Martin,7.0,0 days 00:01:22.634000,MEDIUM,7.0,2.0,11.0,82.634
STR,Aston Martin,8.0,0 days 00:01:21.653000,MEDIUM,8.0,2.0,11.0,81.653
STR,Aston Martin,9.0,0 days 00:01:22.090000,MEDIUM,9.0,2.0,11.0,82.09
STR,Aston Martin,10.0,0 days 00:01:21.725000,MEDIUM,10.0,2.0,11.0,81.725
STR,Aston Martin,11.0,0 days 00:01:21.517000,MEDIUM,11.0,2.0,11.0,81.517
STR,Aston Martin,12.0,0 days 00:01:21.471000,MEDIUM,12.0,2.0,11.0,81.471
STR,Aston Martin,13.0,0 days 00:01:21.314000,MEDIUM,13.0,2.0,11.0,81.314
STR,Aston Martin,14.0,0 days 00:01:20.427000,MEDIUM,14.0,2.0,11.0,80.427
STR,Aston Martin,15.0,0 days 00:01:20.781000,MEDIUM,15.0,2.0,11.0,80.781
STR,Aston Martin,16.0,0 days 00:01:21.189000,MEDIUM,16.0,2.0,11.0,81.189
STR,Aston Martin,17.0,0 days 00:01:21.970000,MEDIUM,17.0,2.0,11.0,81.97
STR,Aston Martin,18.0,0 days 00:01:20.698000,MEDIUM,18.0,2.0,11.0,80.698
STR,Aston Martin,19.0,0 days 00:01:20.353000,MEDIUM,19.0,2.0,11.0,80.353
STR,Aston Martin,20.0,0 days 00:01:19.398000,MEDIUM,20.0,2.0,11.0,79.398
STR,Aston Martin,21.0,0 days 00:01:19.016000,MEDIUM,21.0,2.0,11.0,79.016
STR,Aston Martin,22.0,0 days 00:01:21.307000,MEDIUM,22.0,2.0,11.0,81.307
STR,Aston Martin,23.0,0 days 00:01:21.188000,MEDIUM,23.0,2.0,11.0,81.188
STR,Aston Martin,24.0,0 days 00:01:21.621000,MEDIUM,24.0,2.0,11.0,81.621
STR,Aston Martin,25.0,0 days 00:01:20.506000,MEDIUM,25.0,2.0,11.0,80.506
STR,Aston Martin,26.0,0 days 00:01:20.589000,MEDIUM,26.0,2.0,11.0,80.589
STR,Aston Martin,27.0,0 days 00:01:20.307000,MEDIUM,27.0,2.0,11.0,80.307
STR,Aston Martin,28.0,0 days 00:01:20.131000,MEDIUM,28.0,2.0,11.0,80.131
STR,Aston Martin,29.0,0 days 00:01:19.464000,MEDIUM,29.0,2.0,11.0,79.464
STR,Aston Martin,30.0,0 days 00:01:21.422000,MEDIUM,30.0,2.0,11.0,81.422
STR,Aston Martin,31.0,0 days 00:01:22.535000,MEDIUM,31.0,2.0,11.0,82.535
STR,Aston Martin,32.0,0 days 00:01:21.252000,MEDIUM,32.0,2.0,11.0,81.252
STR,Aston Martin,33.0,0 days 00:01:20.536000,MEDIUM,33.0,2.0,11.0,80.536
STR,Aston Martin,34.0,0 days 00:01:19.789000,MEDIUM,34.0,2.0,11.0,79.789
STR,Aston Martin,35.0,0 days 00:01:19.497000,MEDIUM,35.0,2.0,11.0,79.497
STR,Aston Martin,36.0,0 days 00:01:19.297000,MEDIUM,36.0,2.0,11.0,79.297
STR,Aston Martin,37.0,0 days 00:01:19.638000,MEDIUM,37.0,2.0,11.0,79.638
STR,Aston Martin,38.0,0 days 00:01:19.706000,MEDIUM,38.0,2.0,11.0,79.706
STR,Aston Martin,39.0,0 days 00:01:19.867000,MEDIUM,39.0,2.0,11.0,79.867
STR,Aston Martin,40.0,0 days 00:01:20.450000,MEDIUM,40.0,2.0,11.0,80.45
STR,Aston Martin,41.0,0 days 00:01:20.200000,MEDIUM,41.0,2.0,11.0,80.2
STR,Aston Martin,42.0,0 days 00:01:37.062000,MEDIUM,42.0,2.0,11.0,97.062
STR,Aston Martin,43.0,0 days 00:01:22.775000,HARD,3.0,3.0,11.0,82.775
STR,Aston Martin,44.0,0 days 00:01:18.551000,HARD,4.0,3.0,11.0,78.551
STR,Aston Martin,45.0,0 days 00:01:18.806000,HARD,5.0,3.0,11.0,78.806
STR,Aston Martin,46.0,0 days 00:01:18.296000,HARD,6.0,3.0,11.0,78.296
STR,Aston Martin,47.0,0 days 00:01:18.062000,HARD,7.0,3.0,11.0,78.062
STR,Aston Martin,48.0,0 days 00:01:49.132000,HARD,8.0,3.0,16.0,109.132
STR,Aston Martin,49.0,0 days 00:01:19.089000,SOFT,1.0,4.0,16.0,79.089
STR,Aston Martin,50.0,0 days 00:01:17.788000,SOFT,2.0,4.0,16.0,77.788
STR,Aston Martin,51.0,0 days 00:01:16.982000,SOFT,3.0,4.0,16.0,76.982
STR,Aston Martin,52.0,0 days 00:01:17.350000,SOFT,4.0,4.0,16.0,77.35
STR,Aston Martin,53.0,0 days 00:01:21.547000,SOFT,5.0,4.0,16.0,81.547
STR,Aston Martin,54.0,0 days 00:01:20.571000,SOFT,6.0,4.0,16.0,80.571
STR,Aston Martin,55.0,0 days 00:01:19.963000,SOFT,7.0,4.0,15.0,79.963
STR,Aston Martin,56.0,0 days 00:01:17.279000,SOFT,8.0,4.0,14.0,77.279
STR,Aston Martin,57.0,0 days 00:01:16.914000,SOFT,9.0,4.0,14.0,76.914
STR,Aston Martin,58.0,0 days 00:01:17.156000,SOFT,10.0,4.0,14.0,77.156
STR,Aston Martin,59.0,0 days 00:01:16.710000,SOFT,11.0,4.0,14.0,76.71
STR,Aston Martin,60.0,0 days 00:01:17.326000,SOFT,12.0,4.0,14.0,77.326
STR,Aston Martin,61.0,0 days 00:01:18.298000,SOFT,13.0,4.0,14.0,78.298
STR,Aston Martin,62.0,0 days 00:01:19.070000,SOFT,14.0,4.0,14.0,79.07
STR,Aston Martin,63.0,0 days 00:01:19.100000,SOFT,15.0,4.0,14.0,79.1
STR,Aston Martin,64.0,0 days 00:01:18.425000,SOFT,16.0,4.0,14.0,78.425
STR,Aston Martin,65.0,0 days 00:01:18.732000,SOFT,17.0,4.0,14.0,78.732
STR,Aston Martin,66.0,0 days 00:01:18.748000,SOFT,18.0,4.0,14.0,78.748
STR,Aston Martin,67.0,0 days 00:01:18.636000,SOFT,19.0,4.0,14.0,78.636
STR,Aston Martin,68.0,0 days 00:01:18.057000,SOFT,20.0,4.0,14.0,78.057
STR,Aston Martin,69.0,0 days 00:01:18.275000,SOFT,21.0,4.0,14.0,78.275
STR,Aston Martin,70.0,0 days 00:01:18.557000,SOFT,22.0,4.0,14.0,78.557
STR,Aston Martin,71.0,0 days 00:01:18.464000,SOFT,23.0,4.0,14.0,78.464
STR,Aston Martin,72.0,0 days 00:01:18.332000,SOFT,24.0,4.0,14.0,78.332
STR,Aston Martin,73.0,0 days 00:01:20.709000,SOFT,25.0,4.0,14.0,80.709
STR,Aston Martin,74.0,0 days 00:01:18.230000,SOFT,26.0,4.0,14.0,78.23
STR,Aston Martin,75.0,0 days 00:01:18.511000,SOFT,27.0,4.0,14.0,78.511
STR,Aston Martin,76.0,0 days 00:01:18.623000,SOFT,28.0,4.0,14.0,78.623
SAR,Williams,1.0,0 days 00:41:56.858000,HARD,1.0,1.0,14.0,2516.858
SAR,Williams,2.0,0 days 00:02:01.235000,HARD,2.0,2.0,14.0,121.235
SAR,Williams,3.0,0 days 00:01:30.077000,HARD,3.0,2.0,15.0,90.077
SAR,Williams,4.0,0 days 00:01:23.682000,HARD,4.0,2.0,15.0,83.682
SAR,Williams,5.0,0 days 00:01:23.674000,HARD,5.0,2.0,15.0,83.674
SAR,Williams,6.0,0 days 00:01:22.739000,HARD,6.0,2.0,15.0,82.739
SAR,Williams,7.0,0 days 00:01:22.899000,HARD,7.0,2.0,15.0,82.899
SAR,Williams,8.0,0 days 00:01:22.221000,HARD,8.0,2.0,15.0,82.221
SAR,Williams,9.0,0 days 00:01:21.679000,HARD,9.0,2.0,15.0,81.679
SAR,Williams,10.0,0 days 00:01:21.944000,HARD,10.0,2.0,15.0,81.944
SAR,Williams,11.0,0 days 00:01:21.492000,HARD,11.0,2.0,15.0,81.492
SAR,Williams,12.0,0 days 00:01:21.404000,HARD,12.0,2.0,15.0,81.404
SAR,Williams,13.0,0 days 00:01:21.499000,HARD,13.0,2.0,15.0,81.499
SAR,Williams,14.0,0 days 00:01:21.219000,HARD,14.0,2.0,15.0,81.219
SAR,Williams,15.0,0 days 00:01:21.340000,HARD,15.0,2.0,14.0,81.34
SAR,Williams,16.0,0 days 00:01:20.646000,HARD,16.0,2.0,14.0,80.646
SAR,Williams,17.0,0 days 00:01:21.016000,HARD,17.0,2.0,14.0,81.016
SAR,Williams,18.0,0 days 00:01:21.031000,HARD,18.0,2.0,14.0,81.031
SAR,Williams,19.0,0 days 00:01:21.221000,HARD,19.0,2.0,14.0,81.221
SAR,Williams,20.0,0 days 00:01:20.853000,HARD,20.0,2.0,14.0,80.853
SAR,Williams,21.0,0 days 00:01:20.849000,HARD,21.0,2.0,14.0,80.849
SAR,Williams,22.0,0 days 00:01:20.897000,HARD,22.0,2.0,14.0,80.897
SAR,Williams,23.0,0 days 00:01:20.593000,HARD,23.0,2.0,14.0,80.593
SAR,Williams,24.0,0 days 00:01:20.395000,HARD,24.0,2.0,14.0,80.395
SAR,Williams,25.0,0 days 00:01:20.903000,HARD,25.0,2.0,14.0,80.903
SAR,Williams,26.0,0 days 00:01:20.929000,HARD,26.0,2.0,14.0,80.929
SAR,Williams,27.0,0 days 00:01:21.231000,HARD,27.0,2.0,14.0,81.231
SAR,Williams,28.0,0 days 00:01:21.604000,HARD,28.0,2.0,14.0,81.604
SAR,Williams,29.0,0 days 00:01:21.334000,HARD,29.0,2.0,14.0,81.334
SAR,Williams,30.0,0 days 00:01:20.840000,HARD,30.0,2.0,14.0,80.84
SAR,Williams,31.0,0 days 00:01:20.775000,HARD,31.0,2.0,14.0,80.775
SAR,Williams,32.0,0 days 00:01:20.797000,HARD,32.0,2.0,14.0,80.797
SAR,Williams,33.0,0 days 00:01:20.530000,HARD,33.0,2.0,14.0,80.53
SAR,Williams,34.0,0 days 00:01:20.738000,HARD,34.0,2.0,14.0,80.738
SAR,Williams,35.0,0 days 00:01:20.584000,HARD,35.0,2.0,14.0,80.584
SAR,Williams,36.0,0 days 00:01:21.134000,HARD,36.0,2.0,14.0,81.134
SAR,Williams,37.0,0 days 00:01:21.404000,HARD,37.0,2.0,14.0,81.404
SAR,Williams,38.0,0 days 00:01:21.131000,HARD,38.0,2.0,14.0,81.131
SAR,Williams,39.0,0 days 00:01:21.273000,HARD,39.0,2.0,14.0,81.273
SAR,Williams,40.0,0 days 00:01:21.780000,HARD,40.0,2.0,14.0,81.78
SAR,Williams,41.0,0 days 00:01:24.378000,HARD,41.0,2.0,14.0,84.378
SAR,Williams,42.0,0 days 00:01:21.870000,HARD,42.0,2.0,14.0,81.87
SAR,Williams,43.0,0 days 00:01:20.552000,HARD,43.0,2.0,14.0,80.552
SAR,Williams,44.0,0 days 00:01:19.511000,HARD,44.0,2.0,14.0,79.511
SAR,Williams,45.0,0 days 00:01:20.720000,HARD,45.0,2.0,14.0,80.72
SAR,Williams,46.0,0 days 00:01:20.124000,HARD,46.0,2.0,14.0,80.124
SAR,Williams,47.0,0 days 00:01:19.888000,HARD,47.0,2.0,14.0,79.888
SAR,Williams,48.0,0 days 00:01:20.970000,HARD,48.0,2.0,13.0,80.97
SAR,Williams,49.0,0 days 00:01:23.966000,HARD,49.0,2.0,13.0,83.966
SAR,Williams,50.0,0 days 00:01:20.292000,HARD,50.0,2.0,13.0,80.292
SAR,Williams,51.0,0 days 00:01:21.817000,HARD,51.0,2.0,14.0,81.817
SAR,Williams,52.0,0 days 00:01:20.780000,HARD,52.0,2.0,14.0,80.78
SAR,Williams,53.0,0 days 00:01:21.318000,HARD,53.0,2.0,14.0,81.318
SAR,Williams,54.0,0 days 00:01:22.289000,HARD,54.0,2.0,14.0,82.289
SAR,Williams,55.0,0 days 00:01:20.342000,HARD,55.0,2.0,14.0,80.342
SAR,Williams,56.0,0 days 00:01:21.474000,HARD,56.0,2.0,15.0,81.474
SAR,Williams,57.0,0 days 00:01:37.746000,HARD,57.0,2.0,16.0,97.746
SAR,Williams,58.0,0 days 00:01:19.809000,MEDIUM,1.0,3.0,16.0,79.809
SAR,Williams,59.0,0 days 00:01:15.594000,MEDIUM,2.0,3.0,16.0,75.594
SAR,Williams,60.0,0 days 00:01:15.580000,MEDIUM,3.0,3.0,16.0,75.58
SAR,Williams,61.0,0 days 00:01:15.558000,MEDIUM,4.0,3.0,16.0,75.558
SAR,Williams,62.0,0 days 00:01:15.525000,MEDIUM,5.0,3.0,16.0,75.525
SAR,Williams,63.0,0 days 00:01:15.688000,MEDIUM,6.0,3.0,16.0,75.688
SAR,Williams,64.0,0 days 00:01:16.895000,MEDIUM,7.0,3.0,16.0,76.895
SAR,Williams,65.0,0 days 00:01:19.869000,MEDIUM,8.0,3.0,16.0,79.869
SAR,Williams,66.0,0 days 00:01:20.799000,MEDIUM,9.0,3.0,16.0,80.799
SAR,Williams,67.0,0 days 00:01:20.347000,MEDIUM,10.0,3.0,16.0,80.347
SAR,Williams,68.0,0 days 00:01:20.004000,MEDIUM,11.0,3.0,15.0,80.004
SAR,Williams,69.0,0 days 00:01:16.077000,MEDIUM,12.0,3.0,15.0,76.077
SAR,Williams,70.0,0 days 00:01:16.866000,MEDIUM,13.0,3.0,15.0,76.866
SAR,Williams,71.0,0 days 00:01:16.326000,MEDIUM,14.0,3.0,15.0,76.326
SAR,Williams,72.0,0 days 00:01:16.402000,MEDIUM,15.0,3.0,15.0,76.402
SAR,Williams,73.0,0 days 00:01:16.370000,MEDIUM,16.0,3.0,15.0,76.37
SAR,Williams,74.0,0 days 00:01:16.863000,MEDIUM,17.0,3.0,15.0,76.863
SAR,Williams,75.0,0 days 00:01:16.324000,MEDIUM,18.0,3.0,15.0,76.324
SAR,Williams,76.0,0 days 00:01:17.197000,MEDIUM,19.0,3.0,15.0,77.197
ZHO,Kick Sauber,1.0,0 days 00:42:06.253000,MEDIUM,1.0,1.0,16.0,2526.253
ZHO,Kick Sauber,2.0,0 days 00:01:52.131000,HARD,1.0,2.0,16.0,112.131
ZHO,Kick Sauber,3.0,0 days 00:01:30.396000,HARD,2.0,2.0,16.0,90.396
ZHO,Kick Sauber,4.0,0 days 00:01:23.698000,HARD,3.0,2.0,16.0,83.698
ZHO,Kick Sauber,5.0,0 days 00:01:23.494000,HARD,4.0,2.0,16.0,83.494
ZHO,Kick Sauber,6.0,0 days 00:01:22.649000,HARD,5.0,2.0,16.0,82.649
ZHO,Kick Sauber,7.0,0 days 00:01:22.934000,HARD,6.0,2.0,16.0,82.934
ZHO,Kick Sauber,8.0,0 days 00:01:22.182000,HARD,7.0,2.0,16.0,82.182
ZHO,Kick Sauber,9.0,0 days 00:01:21.810000,HARD,8.0,2.0,16.0,81.81
ZHO,Kick Sauber,10.0,0 days 00:01:21.944000,HARD,9.0,2.0,16.0,81.944
ZHO,Kick Sauber,11.0,0 days 00:01:21.563000,HARD,10.0,2.0,16.0,81.563
ZHO,Kick Sauber,12.0,0 days 00:01:21.193000,HARD,11.0,2.0,16.0,81.193
ZHO,Kick Sauber,13.0,0 days 00:01:21.529000,HARD,12.0,2.0,16.0,81.529
ZHO,Kick Sauber,14.0,0 days 00:01:21.264000,HARD,13.0,2.0,16.0,81.264
ZHO,Kick Sauber,15.0,0 days 00:01:21.447000,HARD,14.0,2.0,15.0,81.447
ZHO,Kick Sauber,16.0,0 days 00:01:20.481000,HARD,15.0,2.0,15.0,80.481
ZHO,Kick Sauber,17.0,0 days 00:01:20.979000,HARD,16.0,2.0,15.0,80.979
ZHO,Kick Sauber,18.0,0 days 00:01:20.911000,HARD,17.0,2.0,15.0,80.911
ZHO,Kick Sauber,19.0,0 days 00:01:21.420000,HARD,18.0,2.0,15.0,81.42
ZHO,Kick Sauber,20.0,0 days 00:01:20.904000,HARD,19.0,2.0,15.0,80.904
ZHO,Kick Sauber,21.0,0 days 00:01:20.669000,HARD,20.0,2.0,15.0,80.669
ZHO,Kick Sauber,22.0,0 days 00:01:21.083000,HARD,21.0,2.0,15.0,81.083
ZHO,Kick Sauber,23.0,0 days 00:01:20.792000,HARD,22.0,2.0,15.0,80.792
ZHO,Kick Sauber,24.0,0 days 00:01:20.347000,HARD,23.0,2.0,15.0,80.347
ZHO,Kick Sauber,25.0,0 days 00:01:20.763000,HARD,24.0,2.0,15.0,80.763
ZHO,Kick Sauber,26.0,0 days 00:01:20.869000,HARD,25.0,2.0,15.0,80.869
ZHO,Kick Sauber,27.0,0 days 00:01:21.293000,HARD,26.0,2.0,15.0,81.293
ZHO,Kick Sauber,28.0,0 days 00:01:21.516000,HARD,27.0,2.0,15.0,81.516
ZHO,Kick Sauber,29.0,0 days 00:01:21.338000,HARD,28.0,2.0,15.0,81.338
ZHO,Kick Sauber,30.0,0 days 00:01:21.044000,HARD,29.0,2.0,15.0,81.044
ZHO,Kick Sauber,31.0,0 days 00:01:20.806000,HARD,30.0,2.0,15.0,80.806
ZHO,Kick Sauber,32.0,0 days 00:01:20.782000,HARD,31.0,2.0,15.0,80.782
ZHO,Kick Sauber,33.0,0 days 00:01:20.677000,HARD,32.0,2.0,15.0,80.677
ZHO,Kick Sauber,34.0,0 days 00:01:20.736000,HARD,33.0,2.0,15.0,80.736
ZHO,Kick Sauber,35.0,0 days 00:01:20.372000,HARD,34.0,2.0,15.0,80.372
ZHO,Kick Sauber,36.0,0 days 00:01:20.986000,HARD,35.0,2.0,15.0,80.986
ZHO,Kick Sauber,37.0,0 days 00:01:21.449000,HARD,36.0,2.0,15.0,81.449
ZHO,Kick Sauber,38.0,0 days 00:01:21.090000,HARD,37.0,2.0,15.0,81.09
ZHO,Kick Sauber,39.0,0 days 00:01:21.233000,HARD,38.0,2.0,15.0,81.233
ZHO,Kick Sauber,40.0,0 days 00:01:24.969000,HARD,39.0,2.0,15.0,84.969
ZHO,Kick Sauber,41.0,0 days 00:01:21.127000,HARD,40.0,2.0,15.0,81.127
ZHO,Kick Sauber,42.0,0 days 00:01:21.957000,HARD,41.0,2.0,15.0,81.957
ZHO,Kick Sauber,43.0,0 days 00:01:20.578000,HARD,42.0,2.0,15.0,80.578
ZHO,Kick Sauber,44.0,0 days 00:01:19.610000,HARD,43.0,2.0,15.0,79.61
ZHO,Kick Sauber,45.0,0 days 00:01:20.686000,HARD,44.0,2.0,15.0,80.686
ZHO,Kick Sauber,46.0,0 days 00:01:20.146000,HARD,45.0,2.0,15.0,80.146
ZHO,Kick Sauber,47.0,0 days 00:01:20.075000,HARD,46.0,2.0,15.0,80.075
ZHO,Kick Sauber,48.0,0 days 00:01:22.481000,HARD,47.0,2.0,14.0,82.481
ZHO,Kick Sauber,49.0,0 days 00:01:22.134000,HARD,48.0,2.0,14.0,82.134
ZHO,Kick Sauber,50.0,0 days 00:01:20.946000,HARD,49.0,2.0,15.0,80.946
ZHO,Kick Sauber,51.0,0 days 00:01:20.962000,HARD,50.0,2.0,15.0,80.962
ZHO,Kick Sauber,52.0,0 days 00:01:20.970000,HARD,51.0,2.0,15.0,80.97
ZHO,Kick Sauber,53.0,0 days 00:01:21.375000,HARD,52.0,2.0,15.0,81.375
ZHO,Kick Sauber,54.0,0 days 00:01:22.153000,HARD,53.0,2.0,15.0,82.153
ZHO,Kick Sauber,55.0,0 days 00:01:21.399000,HARD,54.0,2.0,16.0,81.399
ZHO,Kick Sauber,56.0,0 days 00:01:20.315000,HARD,55.0,2.0,16.0,80.315
ZHO,Kick Sauber,57.0,0 days 00:01:21.119000,HARD,56.0,2.0,15.0,81.119
ZHO,Kick Sauber,58.0,0 days 00:01:18.795000,HARD,57.0,2.0,15.0,78.795
ZHO,Kick Sauber,59.0,0 days 00:01:17.936000,HARD,58.0,2.0,15.0,77.936
ZHO,Kick Sauber,60.0,0 days 00:01:18.545000,HARD,59.0,2.0,15.0,78.545
ZHO,Kick Sauber,61.0,0 days 00:01:18.707000,HARD,60.0,2.0,15.0,78.707
ZHO,Kick Sauber,62.0,0 days 00:01:18.817000,HARD,61.0,2.0,15.0,78.817
ZHO,Kick Sauber,63.0,0 days 00:01:18.789000,HARD,62.0,2.0,15.0,78.789
ZHO,Kick Sauber,64.0,0 days 00:01:19.295000,HARD,63.0,2.0,15.0,79.295
ZHO,Kick Sauber,65.0,0 days 00:01:19.719000,HARD,64.0,2.0,15.0,79.719
ZHO,Kick Sauber,66.0,0 days 00:01:19.749000,HARD,65.0,2.0,15.0,79.749
ZHO,Kick Sauber,67.0,0 days 00:01:20.357000,HARD,66.0,2.0,15.0,80.357
ZHO,Kick Sauber,68.0,0 days 00:01:25.217000,HARD,67.0,2.0,16.0,85.217
ZHO,Kick Sauber,69.0,0 days 00:01:20.484000,HARD,68.0,2.0,16.0,80.484
ZHO,Kick Sauber,70.0,0 days 00:01:40.898000,HARD,69.0,2.0,16.0,100.898
ZHO,Kick Sauber,71.0,0 days 00:01:25.295000,SOFT,1.0,3.0,16.0,85.295
ZHO,Kick Sauber,72.0,0 days 00:01:20.585000,SOFT,2.0,3.0,16.0,80.585
ZHO,Kick Sauber,73.0,0 days 00:01:15.233000,SOFT,3.0,3.0,16.0,75.233
ZHO,Kick Sauber,74.0,0 days 00:01:20.473000,SOFT,4.0,3.0,16.0,80.473
ZHO,Kick Sauber,75.0,0 days 00:01:14.718000,SOFT,5.0,3.0,16.0,74.718
ZHO,Kick Sauber,76.0,0 days 00:01:17.173000,SOFT,6.0,3.0,16.0,77.173
