Driver,Team,LapNumber,LapTime,Compound,TyreLife,Stint,Position,LapTimeSeconds,Season,GrandPrix
RUS,Mercedes,1.0,0 days 00:01:43.267000,MEDIUM,2.0,1.0,1.0,103.267,2024,Las Vegas
RUS,Mercedes,2.0,0 days 00:01:39.077000,MEDIUM,3.0,1.0,1.0,99.077,2024,Las Vegas
RUS,Mercedes,3.0,0 days 00:01:38.864000,MEDIUM,4.0,1.0,1.0,98.864,2024,Las Vegas
RUS,Mercedes,4.0,0 days 00:01:38.748000,MEDIUM,5.0,1.0,1.0,98.748,2024,Las Vegas
RUS,Mercedes,5.0,0 days 00:01:38.136000,MEDIUM,6.0,1.0,1.0,98.136,2024,Las Vegas
RUS,Mercedes,6.0,0 days 00:01:38.330000,MEDIUM,7.0,1.0,1.0,98.33,2024,Las Vegas
RUS,Mercedes,7.0,0 days 00:01:38.498000,MEDIUM,8.0,1.0,1.0,98.498,2024,Las Vegas
RUS,Mercedes,8.0,0 days 00:01:38.353000,MEDIUM,9.0,1.0,1.0,98.353,2024,Las Vegas
RUS,Mercedes,9.0,0 days 00:01:38.751000,MEDIUM,10.0,1.0,1.0,98.751,2024,Las Vegas
RUS,Mercedes,10.0,0 days 00:01:38.681000,MEDIUM,11.0,1.0,1.0,98.681,2024,Las Vegas
RUS,Mercedes,11.0,0 days 00:01:38.689000,MEDIUM,12.0,1.0,1.0,98.689,2024,Las Vegas
RUS,Mercedes,12.0,0 days 00:01:43.522000,MEDIUM,13.0,1.0,1.0,103.522,2024,Las Vegas
RUS,Mercedes,13.0,0 days 00:01:54.754000,HARD,2.0,2.0,2.0,114.754,2024,Las Vegas
RUS,Mercedes,14.0,0 days 00:01:38.296000,HARD,3.0,2.0,1.0,98.296,2024,Las Vegas
RUS,Mercedes,15.0,0 days 00:01:38.331000,HARD,4.0,2.0,1.0,98.331,2024,Las Vegas
RUS,Mercedes,16.0,0 days 00:01:37.913000,HARD,5.0,2.0,1.0,97.913,2024,Las Vegas
RUS,Mercedes,17.0,0 days 00:01:37.869000,HARD,6.0,2.0,1.0,97.869,2024,Las Vegas
RUS,Mercedes,18.0,0 days 00:01:37.964000,HARD,7.0,2.0,1.0,97.964,2024,Las Vegas
RUS,Mercedes,19.0,0 days 00:01:38.003000,HARD,8.0,2.0,1.0,98.003,2024,Las Vegas
RUS,Mercedes,20.0,0 days 00:01:37.733000,HARD,9.0,2.0,1.0,97.733,2024,Las Vegas
RUS,Mercedes,21.0,0 days 00:01:37.359000,HARD,10.0,2.0,1.0,97.359,2024,Las Vegas
RUS,Mercedes,22.0,0 days 00:01:37.556000,HARD,11.0,2.0,1.0,97.556,2024,Las Vegas
RUS,Mercedes,23.0,0 days 00:01:37.730000,HARD,12.0,2.0,1.0,97.73,2024,Las Vegas
RUS,Mercedes,24.0,0 days 00:01:37.576000,HARD,13.0,2.0,1.0,97.576,2024,Las Vegas
RUS,Mercedes,25.0,0 days 00:01:37.724000,HARD,14.0,2.0,1.0,97.724,2024,Las Vegas
RUS,Mercedes,26.0,0 days 00:01:37.467000,HARD,15.0,2.0,1.0,97.467,2024,Las Vegas
RUS,Mercedes,27.0,0 days 00:01:37.609000,HARD,16.0,2.0,1.0,97.609,2024,Las Vegas
RUS,Mercedes,28.0,0 days 00:01:37.896000,HARD,17.0,2.0,1.0,97.896,2024,Las Vegas
RUS,Mercedes,29.0,0 days 00:01:37.556000,HARD,18.0,2.0,1.0,97.556,2024,Las Vegas
RUS,Mercedes,30.0,0 days 00:01:37.544000,HARD,19.0,2.0,1.0,97.544,2024,Las Vegas
RUS,Mercedes,31.0,0 days 00:01:37.801000,HARD,20.0,2.0,1.0,97.801,2024,Las Vegas
RUS,Mercedes,32.0,0 days 00:01:42.229000,HARD,21.0,2.0,1.0,102.229,2024,Las Vegas
RUS,Mercedes,33.0,0 days 00:01:53.703000,HARD,2.0,3.0,1.0,113.703,2024,Las Vegas
RUS,Mercedes,34.0,0 days 00:01:37.621000,HARD,3.0,3.0,1.0,97.621,2024,Las Vegas
RUS,Mercedes,35.0,0 days 00:01:37.246000,HARD,4.0,3.0,1.0,97.246,2024,Las Vegas
RUS,Mercedes,36.0,0 days 00:01:37.021000,HARD,5.0,3.0,1.0,97.021,2024,Las Vegas
RUS,Mercedes,37.0,0 days 00:01:36.844000,HARD,6.0,3.0,1.0,96.844,2024,Las Vegas
RUS,Mercedes,38.0,0 days 00:01:36.407000,HARD,7.0,3.0,1.0,96.407,2024,Las Vegas
RUS,Mercedes,39.0,0 days 00:01:36.275000,HARD,8.0,3.0,1.0,96.275,2024,Las Vegas
RUS,Mercedes,40.0,0 days 00:01:36.358000,HARD,9.0,3.0,1.0,96.358,2024,Las Vegas
RUS,Mercedes,41.0,0 days 00:01:36.559000,HARD,10.0,3.0,1.0,96.559,2024,Las Vegas
RUS,Mercedes,42.0,0 days 00:01:36.344000,HARD,11.0,3.0,1.0,96.344,2024,Las Vegas
RUS,Mercedes,43.0,0 days 00:01:35.951000,HARD,12.0,3.0,1.0,95.951,2024,Las Vegas
RUS,Mercedes,44.0,0 days 00:01:35.946000,HARD,13.0,3.0,1.0,95.946,2024,Las Vegas
RUS,Mercedes,45.0,0 days 00:01:36.057000,HARD,14.0,3.0,1.0,96.057,2024,Las Vegas
RUS,Mercedes,46.0,0 days 00:01:35.717000,HARD,15.0,3.0,1.0,95.717,2024,Las Vegas
RUS,Mercedes,47.0,0 days 00:01:36.360000,HARD,16.0,3.0,1.0,96.36,2024,Las Vegas
RUS,Mercedes,48.0,0 days 00:01:36.663000,HARD,17.0,3.0,1.0,96.663,2024,Las Vegas
RUS,Mercedes,49.0,0 days 00:01:37.204000,HARD,18.0,3.0,1.0,97.204,2024,Las Vegas
RUS,Mercedes,50.0,0 days 00:01:37.867000,HARD,19.0,3.0,1.0,97.867,2024,Las Vegas
HAM,Mercedes,1.0,0 days 00:01:49.116000,MEDIUM,1.0,1.0,10.0,109.116,2024,Las Vegas
HAM,Mercedes,2.0,0 days 00:01:40.033000,MEDIUM,2.0,1.0,10.0,100.033,2024,Las Vegas
HAM,Mercedes,3.0,0 days 00:01:39.403000,MEDIUM,3.0,1.0,10.0,99.403,2024,Las Vegas
HAM,Mercedes,4.0,0 days 00:01:39.157000,MEDIUM,4.0,1.0,10.0,99.157,2024,Las Vegas
HAM,Mercedes,5.0,0 days 00:01:39.207000,MEDIUM,5.0,1.0,10.0,99.207,2024,Las Vegas
HAM,Mercedes,6.0,0 days 00:01:38.648000,MEDIUM,6.0,1.0,9.0,98.648,2024,Las Vegas
HAM,Mercedes,7.0,0 days 00:01:40.235000,MEDIUM,7.0,1.0,9.0,100.235,2024,Las Vegas
HAM,Mercedes,8.0,0 days 00:01:39.095000,MEDIUM,8.0,1.0,8.0,99.095,2024,Las Vegas
HAM,Mercedes,9.0,0 days 00:01:40.926000,MEDIUM,9.0,1.0,5.0,100.926,2024,Las Vegas
HAM,Mercedes,10.0,0 days 00:01:40.200000,MEDIUM,10.0,1.0,4.0,100.2,2024,Las Vegas
HAM,Mercedes,11.0,0 days 00:01:39.007000,MEDIUM,11.0,1.0,3.0,99.007,2024,Las Vegas
HAM,Mercedes,12.0,0 days 00:01:39.078000,MEDIUM,12.0,1.0,2.0,99.078,2024,Las Vegas
HAM,Mercedes,13.0,0 days 00:01:43.190000,MEDIUM,13.0,1.0,1.0,103.19,2024,Las Vegas
HAM,Mercedes,14.0,0 days 00:01:54.928000,HARD,2.0,2.0,8.0,114.928,2024,Las Vegas
HAM,Mercedes,15.0,0 days 00:01:37.772000,HARD,3.0,2.0,7.0,97.772,2024,Las Vegas
HAM,Mercedes,16.0,0 days 00:01:37.091000,HARD,4.0,2.0,6.0,97.091,2024,Las Vegas
HAM,Mercedes,17.0,0 days 00:01:39.354000,HARD,5.0,2.0,5.0,99.354,2024,Las Vegas
HAM,Mercedes,18.0,0 days 00:01:37.668000,HARD,6.0,2.0,5.0,97.668,2024,Las Vegas
HAM,Mercedes,19.0,0 days 00:01:38.140000,HARD,7.0,2.0,5.0,98.14,2024,Las Vegas
HAM,Mercedes,20.0,0 days 00:01:37.275000,HARD,8.0,2.0,5.0,97.275,2024,Las Vegas
HAM,Mercedes,21.0,0 days 00:01:37.355000,HARD,9.0,2.0,5.0,97.355,2024,Las Vegas
HAM,Mercedes,22.0,0 days 00:01:37.086000,HARD,10.0,2.0,5.0,97.086,2024,Las Vegas
HAM,Mercedes,23.0,0 days 00:01:37.121000,HARD,11.0,2.0,5.0,97.121,2024,Las Vegas
HAM,Mercedes,24.0,0 days 00:01:37.323000,HARD,12.0,2.0,5.0,97.323,2024,Las Vegas
HAM,Mercedes,25.0,0 days 00:01:38.213000,HARD,13.0,2.0,5.0,98.213,2024,Las Vegas
HAM,Mercedes,26.0,0 days 00:01:37.055000,HARD,14.0,2.0,5.0,97.055,2024,Las Vegas
HAM,Mercedes,27.0,0 days 00:01:43.830000,HARD,15.0,2.0,5.0,103.83,2024,Las Vegas
HAM,Mercedes,28.0,0 days 00:01:52.902000,HARD,2.0,3.0,6.0,112.902,2024,Las Vegas
HAM,Mercedes,29.0,0 days 00:01:36.951000,HARD,3.0,3.0,5.0,96.951,2024,Las Vegas
HAM,Mercedes,30.0,0 days 00:01:36.748000,HARD,4.0,3.0,5.0,96.748,2024,Las Vegas
HAM,Mercedes,31.0,0 days 00:01:36.412000,HARD,5.0,3.0,3.0,96.412,2024,Las Vegas
HAM,Mercedes,32.0,0 days 00:01:36.960000,HARD,6.0,3.0,2.0,96.96,2024,Las Vegas
HAM,Mercedes,33.0,0 days 00:01:37.293000,HARD,7.0,3.0,2.0,97.293,2024,Las Vegas
HAM,Mercedes,34.0,0 days 00:01:36.685000,HARD,8.0,3.0,2.0,96.685,2024,Las Vegas
HAM,Mercedes,35.0,0 days 00:01:36.397000,HARD,9.0,3.0,2.0,96.397,2024,Las Vegas
HAM,Mercedes,36.0,0 days 00:01:36.288000,HARD,10.0,3.0,2.0,96.288,2024,Las Vegas
HAM,Mercedes,37.0,0 days 00:01:36.177000,HARD,11.0,3.0,2.0,96.177,2024,Las Vegas
HAM,Mercedes,38.0,0 days 00:01:36.148000,HARD,12.0,3.0,2.0,96.148,2024,Las Vegas
HAM,Mercedes,39.0,0 days 00:01:35.880000,HARD,13.0,3.0,2.0,95.88,2024,Las Vegas
HAM,Mercedes,40.0,0 days 00:01:35.928000,HARD,14.0,3.0,2.0,95.928,2024,Las Vegas
HAM,Mercedes,41.0,0 days 00:01:35.480000,HARD,15.0,3.0,2.0,95.48,2024,Las Vegas
HAM,Mercedes,42.0,0 days 00:01:35.884000,HARD,16.0,3.0,2.0,95.884,2024,Las Vegas
HAM,Mercedes,43.0,0 days 00:01:35.863000,HARD,17.0,3.0,2.0,95.863,2024,Las Vegas
HAM,Mercedes,44.0,0 days 00:01:35.662000,HARD,18.0,3.0,2.0,95.662,2024,Las Vegas
HAM,Mercedes,45.0,0 days 00:01:35.988000,HARD,19.0,3.0,2.0,95.988,2024,Las Vegas
HAM,Mercedes,46.0,0 days 00:01:35.877000,HARD,20.0,3.0,2.0,95.877,2024,Las Vegas
HAM,Mercedes,47.0,0 days 00:01:37.086000,HARD,21.0,3.0,2.0,97.086,2024,Las Vegas
HAM,Mercedes,48.0,0 days 00:01:37.457000,HARD,22.0,3.0,2.0,97.457,2024,Las Vegas
HAM,Mercedes,49.0,0 days 00:01:37.593000,HARD,23.0,3.0,2.0,97.593,2024,Las Vegas
HAM,Mercedes,50.0,0 days 00:01:38.117000,HARD,24.0,3.0,2.0,98.117,2024,Las Vegas
SAI,Ferrari,1.0,0 days 00:01:44.812000,MEDIUM,1.0,1.0,3.0,104.812,2024,Las Vegas
SAI,Ferrari,2.0,0 days 00:01:39.466000,MEDIUM,2.0,1.0,3.0,99.466,2024,Las Vegas
SAI,Ferrari,3.0,0 days 00:01:38.581000,MEDIUM,3.0,1.0,3.0,98.581,2024,Las Vegas
SAI,Ferrari,4.0,0 days 00:01:38.537000,MEDIUM,4.0,1.0,3.0,98.537,2024,Las Vegas
SAI,Ferrari,5.0,0 days 00:01:38.394000,MEDIUM,5.0,1.0,3.0,98.394,2024,Las Vegas
SAI,Ferrari,6.0,0 days 00:01:38.708000,MEDIUM,6.0,1.0,3.0,98.708,2024,Las Vegas
SAI,Ferrari,7.0,0 days 00:01:39.042000,MEDIUM,7.0,1.0,2.0,99.042,2024,Las Vegas
SAI,Ferrari,8.0,0 days 00:01:39.584000,MEDIUM,8.0,1.0,2.0,99.584,2024,Las Vegas
SAI,Ferrari,9.0,0 days 00:01:40.512000,MEDIUM,9.0,1.0,2.0,100.512,2024,Las Vegas
SAI,Ferrari,10.0,0 days 00:01:46.562000,MEDIUM,10.0,1.0,3.0,106.562,2024,Las Vegas
SAI,Ferrari,11.0,0 days 00:01:54.659000,HARD,1.0,2.0,11.0,114.659,2024,Las Vegas
SAI,Ferrari,12.0,0 days 00:01:40.794000,HARD,2.0,2.0,8.0,100.794,2024,Las Vegas
SAI,Ferrari,13.0,0 days 00:01:39.627000,HARD,3.0,2.0,6.0,99.627,2024,Las Vegas
SAI,Ferrari,14.0,0 days 00:01:37.921000,HARD,4.0,2.0,4.0,97.921,2024,Las Vegas
SAI,Ferrari,15.0,0 days 00:01:38.220000,HARD,5.0,2.0,4.0,98.22,2024,Las Vegas
SAI,Ferrari,16.0,0 days 00:01:38.868000,HARD,6.0,2.0,3.0,98.868,2024,Las Vegas
SAI,Ferrari,17.0,0 days 00:01:37.967000,HARD,7.0,2.0,3.0,97.967,2024,Las Vegas
SAI,Ferrari,18.0,0 days 00:01:38.076000,HARD,8.0,2.0,3.0,98.076,2024,Las Vegas
SAI,Ferrari,19.0,0 days 00:01:37.763000,HARD,9.0,2.0,3.0,97.763,2024,Las Vegas
SAI,Ferrari,20.0,0 days 00:01:37.774000,HARD,10.0,2.0,3.0,97.774,2024,Las Vegas
SAI,Ferrari,21.0,0 days 00:01:37.546000,HARD,11.0,2.0,3.0,97.546,2024,Las Vegas
SAI,Ferrari,22.0,0 days 00:01:37.514000,HARD,12.0,2.0,3.0,97.514,2024,Las Vegas
SAI,Ferrari,23.0,0 days 00:01:37.477000,HARD,13.0,2.0,3.0,97.477,2024,Las Vegas
SAI,Ferrari,24.0,0 days 00:01:37.919000,HARD,14.0,2.0,3.0,97.919,2024,Las Vegas
SAI,Ferrari,25.0,0 days 00:01:37.944000,HARD,15.0,2.0,3.0,97.944,2024,Las Vegas
SAI,Ferrari,26.0,0 days 00:01:38.321000,HARD,16.0,2.0,3.0,98.321,2024,Las Vegas
SAI,Ferrari,27.0,0 days 00:01:41.611000,HARD,17.0,2.0,4.0,101.611,2024,Las Vegas
SAI,Ferrari,28.0,0 days 00:01:43.655000,HARD,18.0,2.0,3.0,103.655,2024,Las Vegas
SAI,Ferrari,29.0,0 days 00:01:53.088000,HARD,1.0,3.0,6.0,113.088,2024,Las Vegas
SAI,Ferrari,30.0,0 days 00:01:37.353000,HARD,2.0,3.0,6.0,97.353,2024,Las Vegas
SAI,Ferrari,31.0,0 days 00:01:36.973000,HARD,3.0,3.0,5.0,96.973,2024,Las Vegas
SAI,Ferrari,32.0,0 days 00:01:37.397000,HARD,4.0,3.0,4.0,97.397,2024,Las Vegas
SAI,Ferrari,33.0,0 days 00:01:37.524000,HARD,5.0,3.0,4.0,97.524,2024,Las Vegas
SAI,Ferrari,34.0,0 days 00:01:37.146000,HARD,6.0,3.0,4.0,97.146,2024,Las Vegas
SAI,Ferrari,35.0,0 days 00:01:36.641000,HARD,7.0,3.0,4.0,96.641,2024,Las Vegas
SAI,Ferrari,36.0,0 days 00:01:36.519000,HARD,8.0,3.0,4.0,96.519,2024,Las Vegas
SAI,Ferrari,37.0,0 days 00:01:36.509000,HARD,9.0,3.0,4.0,96.509,2024,Las Vegas
SAI,Ferrari,38.0,0 days 00:01:36.125000,HARD,10.0,3.0,4.0,96.125,2024,Las Vegas
SAI,Ferrari,39.0,0 days 00:01:36.196000,HARD,11.0,3.0,4.0,96.196,2024,Las Vegas
SAI,Ferrari,40.0,0 days 00:01:36.043000,HARD,12.0,3.0,4.0,96.043,2024,Las Vegas
SAI,Ferrari,41.0,0 days 00:01:36.507000,HARD,13.0,3.0,3.0,96.507,2024,Las Vegas
SAI,Ferrari,42.0,0 days 00:01:36.223000,HARD,14.0,3.0,3.0,96.223,2024,Las Vegas
SAI,Ferrari,43.0,0 days 00:01:36.302000,HARD,15.0,3.0,3.0,96.302,2024,Las Vegas
SAI,Ferrari,44.0,0 days 00:01:35.875000,HARD,16.0,3.0,3.0,95.875,2024,Las Vegas
SAI,Ferrari,45.0,0 days 00:01:36.340000,HARD,17.0,3.0,3.0,96.34,2024,Las Vegas
SAI,Ferrari,46.0,0 days 00:01:36.139000,HARD,18.0,3.0,3.0,96.139,2024,Las Vegas
SAI,Ferrari,47.0,0 days 00:01:35.880000,HARD,19.0,3.0,3.0,95.88,2024,Las Vegas
SAI,Ferrari,48.0,0 days 00:01:36.015000,HARD,20.0,3.0,3.0,96.015,2024,Las Vegas
SAI,Ferrari,49.0,0 days 00:01:36.467000,HARD,21.0,3.0,3.0,96.467,2024,Las Vegas
SAI,Ferrari,50.0,0 days 00:01:36.759000,HARD,22.0,3.0,3.0,96.759,2024,Las Vegas
LEC,Ferrari,1.0,0 days 00:01:43.882000,MEDIUM,1.0,1.0,2.0,103.882,2024,Las Vegas
LEC,Ferrari,2.0,0 days 00:01:39.333000,MEDIUM,2.0,1.0,2.0,99.333,2024,Las Vegas
LEC,Ferrari,3.0,0 days 00:01:38.329000,MEDIUM,3.0,1.0,2.0,98.329,2024,Las Vegas
LEC,Ferrari,4.0,0 days 00:01:38.501000,MEDIUM,4.0,1.0,2.0,98.501,2024,Las Vegas
LEC,Ferrari,5.0,0 days 00:01:39.177000,MEDIUM,5.0,1.0,2.0,99.177,2024,Las Vegas
LEC,Ferrari,6.0,0 days 00:01:38.652000,MEDIUM,6.0,1.0,2.0,98.652,2024,Las Vegas
LEC,Ferrari,7.0,0 days 00:01:40.006000,MEDIUM,7.0,1.0,3.0,100.006,2024,Las Vegas
LEC,Ferrari,8.0,0 days 00:01:41.841000,MEDIUM,8.0,1.0,4.0,101.841,2024,Las Vegas
LEC,Ferrari,9.0,0 days 00:01:47.546000,MEDIUM,9.0,1.0,7.0,107.546,2024,Las Vegas
LEC,Ferrari,10.0,0 days 00:01:54.299000,HARD,1.0,2.0,16.0,114.299,2024,Las Vegas
LEC,Ferrari,11.0,0 days 00:01:38.818000,HARD,2.0,2.0,12.0,98.818,2024,Las Vegas
LEC,Ferrari,12.0,0 days 00:01:39.962000,HARD,3.0,2.0,10.0,99.962,2024,Las Vegas
LEC,Ferrari,13.0,0 days 00:01:39.948000,HARD,4.0,2.0,7.0,99.948,2024,Las Vegas
LEC,Ferrari,14.0,0 days 00:01:38.893000,HARD,5.0,2.0,6.0,98.893,2024,Las Vegas
LEC,Ferrari,15.0,0 days 00:01:38.237000,HARD,6.0,2.0,5.0,98.237,2024,Las Vegas
LEC,Ferrari,16.0,0 days 00:01:38.316000,HARD,7.0,2.0,5.0,98.316,2024,Las Vegas
LEC,Ferrari,17.0,0 days 00:01:39.487000,HARD,8.0,2.0,4.0,99.487,2024,Las Vegas
LEC,Ferrari,18.0,0 days 00:01:38.251000,HARD,9.0,2.0,4.0,98.251,2024,Las Vegas
LEC,Ferrari,19.0,0 days 00:01:37.978000,HARD,10.0,2.0,4.0,97.978,2024,Las Vegas
LEC,Ferrari,20.0,0 days 00:01:37.295000,HARD,11.0,2.0,4.0,97.295,2024,Las Vegas
LEC,Ferrari,21.0,0 days 00:01:37.448000,HARD,12.0,2.0,4.0,97.448,2024,Las Vegas
LEC,Ferrari,22.0,0 days 00:01:37.130000,HARD,13.0,2.0,4.0,97.13,2024,Las Vegas
LEC,Ferrari,23.0,0 days 00:01:37.177000,HARD,14.0,2.0,4.0,97.177,2024,Las Vegas
LEC,Ferrari,24.0,0 days 00:01:37.256000,HARD,15.0,2.0,4.0,97.256,2024,Las Vegas
LEC,Ferrari,25.0,0 days 00:01:37.291000,HARD,16.0,2.0,4.0,97.291,2024,Las Vegas
LEC,Ferrari,26.0,0 days 00:01:37.933000,HARD,17.0,2.0,4.0,97.933,2024,Las Vegas
LEC,Ferrari,27.0,0 days 00:01:38.698000,HARD,18.0,2.0,2.0,98.698,2024,Las Vegas
LEC,Ferrari,28.0,0 days 00:01:38.070000,HARD,19.0,2.0,2.0,98.07,2024,Las Vegas
LEC,Ferrari,29.0,0 days 00:01:37.950000,HARD,20.0,2.0,2.0,97.95,2024,Las Vegas
LEC,Ferrari,30.0,0 days 00:01:38.458000,HARD,21.0,2.0,2.0,98.458,2024,Las Vegas
LEC,Ferrari,31.0,0 days 00:01:42.968000,HARD,22.0,2.0,2.0,102.968,2024,Las Vegas
LEC,Ferrari,32.0,0 days 00:01:55.014000,HARD,1.0,3.0,5.0,115.014,2024,Las Vegas
LEC,Ferrari,33.0,0 days 00:01:38.017000,HARD,2.0,3.0,5.0,98.017,2024,Las Vegas
LEC,Ferrari,34.0,0 days 00:01:37.081000,HARD,3.0,3.0,5.0,97.081,2024,Las Vegas
LEC,Ferrari,35.0,0 days 00:01:36.481000,HARD,4.0,3.0,5.0,96.481,2024,Las Vegas
LEC,Ferrari,36.0,0 days 00:01:36.285000,HARD,5.0,3.0,5.0,96.285,2024,Las Vegas
LEC,Ferrari,37.0,0 days 00:01:36.177000,HARD,6.0,3.0,5.0,96.177,2024,Las Vegas
LEC,Ferrari,38.0,0 days 00:01:36.079000,HARD,7.0,3.0,5.0,96.079,2024,Las Vegas
LEC,Ferrari,39.0,0 days 00:01:36.102000,HARD,8.0,3.0,5.0,96.102,2024,Las Vegas
LEC,Ferrari,40.0,0 days 00:01:35.674000,HARD,9.0,3.0,5.0,95.674,2024,Las Vegas
LEC,Ferrari,41.0,0 days 00:01:36.469000,HARD,10.0,3.0,5.0,96.469,2024,Las Vegas
LEC,Ferrari,42.0,0 days 00:01:36.873000,HARD,11.0,3.0,5.0,96.873,2024,Las Vegas
LEC,Ferrari,43.0,0 days 00:01:36.055000,HARD,12.0,3.0,5.0,96.055,2024,Las Vegas
LEC,Ferrari,44.0,0 days 00:01:36.543000,HARD,13.0,3.0,5.0,96.543,2024,Las Vegas
LEC,Ferrari,45.0,0 days 00:01:36.031000,HARD,14.0,3.0,5.0,96.031,2024,Las Vegas
LEC,Ferrari,46.0,0 days 00:01:36.333000,HARD,15.0,3.0,4.0,96.333,2024,Las Vegas
LEC,Ferrari,47.0,0 days 00:01:36.054000,HARD,16.0,3.0,4.0,96.054,2024,Las Vegas
LEC,Ferrari,48.0,0 days 00:01:36.065000,HARD,17.0,3.0,4.0,96.065,2024,Las Vegas
LEC,Ferrari,49.0,0 days 00:01:36.571000,HARD,18.0,3.0,4.0,96.571,2024,Las Vegas
LEC,Ferrari,50.0,0 days 00:01:37.218000,HARD,19.0,3.0,4.0,97.218,2024,Las Vegas
VER,Red Bull Racing,1.0,0 days 00:01:45.917000,MEDIUM,1.0,1.0,5.0,105.917,2024,Las Vegas
VER,Red Bull Racing,2.0,0 days 00:01:39.861000,MEDIUM,2.0,1.0,5.0,99.861,2024,Las Vegas
VER,Red Bull Racing,3.0,0 days 00:01:39.345000,MEDIUM,3.0,1.0,5.0,99.345,2024,Las Vegas
VER,Red Bull Racing,4.0,0 days 00:01:38.713000,MEDIUM,4.0,1.0,4.0,98.713,2024,Las Vegas
VER,Red Bull Racing,5.0,0 days 00:01:38.472000,MEDIUM,5.0,1.0,4.0,98.472,2024,Las Vegas
VER,Red Bull Racing,6.0,0 days 00:01:38.661000,MEDIUM,6.0,1.0,4.0,98.661,2024,Las Vegas
VER,Red Bull Racing,7.0,0 days 00:01:38.906000,MEDIUM,7.0,1.0,4.0,98.906,2024,Las Vegas
VER,Red Bull Racing,8.0,0 days 00:01:39.047000,MEDIUM,8.0,1.0,3.0,99.047,2024,Las Vegas
VER,Red Bull Racing,9.0,0 days 00:01:39.790000,MEDIUM,9.0,1.0,3.0,99.79,2024,Las Vegas
VER,Red Bull Racing,10.0,0 days 00:01:40.064000,MEDIUM,10.0,1.0,2.0,100.064,2024,Las Vegas
VER,Red Bull Racing,11.0,0 days 00:01:44.351000,MEDIUM,11.0,1.0,2.0,104.351,2024,Las Vegas
VER,Red Bull Racing,12.0,0 days 00:01:55.018000,HARD,1.0,2.0,5.0,115.018,2024,Las Vegas
VER,Red Bull Racing,13.0,0 days 00:01:38.307000,HARD,2.0,2.0,5.0,98.307,2024,Las Vegas
VER,Red Bull Racing,14.0,0 days 00:01:38.376000,HARD,3.0,2.0,3.0,98.376,2024,Las Vegas
VER,Red Bull Racing,15.0,0 days 00:01:38.648000,HARD,4.0,2.0,2.0,98.648,2024,Las Vegas
VER,Red Bull Racing,16.0,0 days 00:01:38.563000,HARD,5.0,2.0,2.0,98.563,2024,Las Vegas
VER,Red Bull Racing,17.0,0 days 00:01:38.055000,HARD,6.0,2.0,2.0,98.055,2024,Las Vegas
VER,Red Bull Racing,18.0,0 days 00:01:37.956000,HARD,7.0,2.0,2.0,97.956,2024,Las Vegas
VER,Red Bull Racing,19.0,0 days 00:01:37.678000,HARD,8.0,2.0,2.0,97.678,2024,Las Vegas
VER,Red Bull Racing,20.0,0 days 00:01:37.846000,HARD,9.0,2.0,2.0,97.846,2024,Las Vegas
VER,Red Bull Racing,21.0,0 days 00:01:37.590000,HARD,10.0,2.0,2.0,97.59,2024,Las Vegas
VER,Red Bull Racing,22.0,0 days 00:01:37.679000,HARD,11.0,2.0,2.0,97.679,2024,Las Vegas
VER,Red Bull Racing,23.0,0 days 00:01:37.524000,HARD,12.0,2.0,2.0,97.524,2024,Las Vegas
VER,Red Bull Racing,24.0,0 days 00:01:37.695000,HARD,13.0,2.0,2.0,97.695,2024,Las Vegas
VER,Red Bull Racing,25.0,0 days 00:01:38.038000,HARD,14.0,2.0,2.0,98.038,2024,Las Vegas
VER,Red Bull Racing,26.0,0 days 00:01:38.362000,HARD,15.0,2.0,2.0,98.362,2024,Las Vegas
VER,Red Bull Racing,27.0,0 days 00:01:43.108000,HARD,16.0,2.0,3.0,103.108,2024,Las Vegas
VER,Red Bull Racing,28.0,0 days 00:01:54.746000,HARD,1.0,3.0,5.0,114.746,2024,Las Vegas
VER,Red Bull Racing,29.0,0 days 00:01:37.386000,HARD,2.0,3.0,4.0,97.386,2024,Las Vegas
VER,Red Bull Racing,30.0,0 days 00:01:37.549000,HARD,3.0,3.0,3.0,97.549,2024,Las Vegas
VER,Red Bull Racing,31.0,0 days 00:01:37.996000,HARD,4.0,3.0,4.0,97.996,2024,Las Vegas
VER,Red Bull Racing,32.0,0 days 00:01:37.714000,HARD,5.0,3.0,3.0,97.714,2024,Las Vegas
VER,Red Bull Racing,33.0,0 days 00:01:37.579000,HARD,6.0,3.0,3.0,97.579,2024,Las Vegas
VER,Red Bull Racing,34.0,0 days 00:01:37.484000,HARD,7.0,3.0,3.0,97.484,2024,Las Vegas
VER,Red Bull Racing,35.0,0 days 00:01:37.243000,HARD,8.0,3.0,3.0,97.243,2024,Las Vegas
VER,Red Bull Racing,36.0,0 days 00:01:37.001000,HARD,9.0,3.0,3.0,97.001,2024,Las Vegas
VER,Red Bull Racing,37.0,0 days 00:01:36.720000,HARD,10.0,3.0,3.0,96.72,2024,Las Vegas
VER,Red Bull Racing,38.0,0 days 00:01:36.979000,HARD,11.0,3.0,3.0,96.979,2024,Las Vegas
VER,Red Bull Racing,39.0,0 days 00:01:36.344000,HARD,12.0,3.0,3.0,96.344,2024,Las Vegas
VER,Red Bull Racing,40.0,0 days 00:01:36.495000,HARD,13.0,3.0,3.0,96.495,2024,Las Vegas
VER,Red Bull Racing,41.0,0 days 00:01:37.522000,HARD,14.0,3.0,4.0,97.522,2024,Las Vegas
VER,Red Bull Racing,42.0,0 days 00:01:36.489000,HARD,15.0,3.0,4.0,96.489,2024,Las Vegas
VER,Red Bull Racing,43.0,0 days 00:01:36.248000,HARD,16.0,3.0,4.0,96.248,2024,Las Vegas
VER,Red Bull Racing,44.0,0 days 00:01:36.279000,HARD,17.0,3.0,4.0,96.279,2024,Las Vegas
VER,Red Bull Racing,45.0,0 days 00:01:36.394000,HARD,18.0,3.0,4.0,96.394,2024,Las Vegas
VER,Red Bull Racing,46.0,0 days 00:01:36.929000,HARD,19.0,3.0,5.0,96.929,2024,Las Vegas
VER,Red Bull Racing,47.0,0 days 00:01:36.736000,HARD,20.0,3.0,5.0,96.736,2024,Las Vegas
VER,Red Bull Racing,48.0,0 days 00:01:36.922000,HARD,21.0,3.0,5.0,96.922,2024,Las Vegas
VER,Red Bull Racing,49.0,0 days 00:01:37.016000,HARD,22.0,3.0,5.0,97.016,2024,Las Vegas
VER,Red Bull Racing,50.0,0 days 00:01:37.210000,HARD,23.0,3.0,5.0,97.21,2024,Las Vegas
NOR,McLaren,1.0,0 days 00:01:46.792000,MEDIUM,1.0,1.0,6.0,106.792,2024,Las Vegas
NOR,McLaren,2.0,0 days 00:01:39.907000,MEDIUM,2.0,1.0,6.0,99.907,2024,Las Vegas
NOR,McLaren,3.0,0 days 00:01:39.197000,MEDIUM,3.0,1.0,6.0,99.197,2024,Las Vegas
NOR,McLaren,4.0,0 days 00:01:39.094000,MEDIUM,4.0,1.0,6.0,99.094,2024,Las Vegas
NOR,McLaren,5.0,0 days 00:01:39.490000,MEDIUM,5.0,1.0,6.0,99.49,2024,Las Vegas
NOR,McLaren,6.0,0 days 00:01:38.848000,MEDIUM,6.0,1.0,6.0,98.848,2024,Las Vegas
NOR,McLaren,7.0,0 days 00:01:39.716000,MEDIUM,7.0,1.0,6.0,99.716,2024,Las Vegas
NOR,McLaren,8.0,0 days 00:01:40.573000,MEDIUM,8.0,1.0,5.0,100.573,2024,Las Vegas
NOR,McLaren,9.0,0 days 00:01:45.240000,MEDIUM,9.0,1.0,10.0,105.24,2024,Las Vegas
NOR,McLaren,10.0,0 days 00:01:54.247000,HARD,1.0,2.0,17.0,114.247,2024,Las Vegas
NOR,McLaren,11.0,0 days 00:01:37.795000,HARD,2.0,2.0,14.0,97.795,2024,Las Vegas
NOR,McLaren,12.0,0 days 00:01:39.909000,HARD,3.0,2.0,11.0,99.909,2024,Las Vegas
NOR,McLaren,13.0,0 days 00:01:40.365000,HARD,4.0,2.0,9.0,100.365,2024,Las Vegas
NOR,McLaren,14.0,0 days 00:01:39.798000,HARD,5.0,2.0,7.0,99.798,2024,Las Vegas
NOR,McLaren,15.0,0 days 00:01:38.236000,HARD,6.0,2.0,6.0,98.236,2024,Las Vegas
NOR,McLaren,16.0,0 days 00:01:38.165000,HARD,7.0,2.0,7.0,98.165,2024,Las Vegas
NOR,McLaren,17.0,0 days 00:01:39.928000,HARD,8.0,2.0,6.0,99.928,2024,Las Vegas
NOR,McLaren,18.0,0 days 00:01:38.152000,HARD,9.0,2.0,6.0,98.152,2024,Las Vegas
NOR,McLaren,19.0,0 days 00:01:38.232000,HARD,10.0,2.0,6.0,98.232,2024,Las Vegas
NOR,McLaren,20.0,0 days 00:01:38.166000,HARD,11.0,2.0,6.0,98.166,2024,Las Vegas
NOR,McLaren,21.0,0 days 00:01:38.140000,HARD,12.0,2.0,6.0,98.14,2024,Las Vegas
NOR,McLaren,22.0,0 days 00:01:38.444000,HARD,13.0,2.0,6.0,98.444,2024,Las Vegas
NOR,McLaren,23.0,0 days 00:01:38.283000,HARD,14.0,2.0,6.0,98.283,2024,Las Vegas
NOR,McLaren,24.0,0 days 00:01:38.434000,HARD,15.0,2.0,6.0,98.434,2024,Las Vegas
NOR,McLaren,25.0,0 days 00:01:38.529000,HARD,16.0,2.0,6.0,98.529,2024,Las Vegas
NOR,McLaren,26.0,0 days 00:01:38.819000,HARD,17.0,2.0,6.0,98.819,2024,Las Vegas
NOR,McLaren,27.0,0 days 00:01:38.795000,HARD,18.0,2.0,6.0,98.795,2024,Las Vegas
NOR,McLaren,28.0,0 days 00:01:38.892000,HARD,19.0,2.0,4.0,98.892,2024,Las Vegas
NOR,McLaren,29.0,0 days 00:01:39.050000,HARD,20.0,2.0,3.0,99.05,2024,Las Vegas
NOR,McLaren,30.0,0 days 00:01:44.646000,HARD,21.0,2.0,4.0,104.646,2024,Las Vegas
NOR,McLaren,31.0,0 days 00:01:53.261000,HARD,1.0,3.0,7.0,113.261,2024,Las Vegas
NOR,McLaren,32.0,0 days 00:01:37.649000,HARD,2.0,3.0,7.0,97.649,2024,Las Vegas
NOR,McLaren,33.0,0 days 00:01:37.886000,HARD,3.0,3.0,6.0,97.886,2024,Las Vegas
NOR,McLaren,34.0,0 days 00:01:37.587000,HARD,4.0,3.0,6.0,97.587,2024,Las Vegas
NOR,McLaren,35.0,0 days 00:01:37.355000,HARD,5.0,3.0,6.0,97.355,2024,Las Vegas
NOR,McLaren,36.0,0 days 00:01:36.845000,HARD,6.0,3.0,6.0,96.845,2024,Las Vegas
NOR,McLaren,37.0,0 days 00:01:36.473000,HARD,7.0,3.0,6.0,96.473,2024,Las Vegas
NOR,McLaren,38.0,0 days 00:01:36.447000,HARD,8.0,3.0,6.0,96.447,2024,Las Vegas
NOR,McLaren,39.0,0 days 00:01:36.237000,HARD,9.0,3.0,6.0,96.237,2024,Las Vegas
NOR,McLaren,40.0,0 days 00:01:35.843000,HARD,10.0,3.0,6.0,95.843,2024,Las Vegas
NOR,McLaren,41.0,0 days 00:01:35.983000,HARD,11.0,3.0,6.0,95.983,2024,Las Vegas
NOR,McLaren,42.0,0 days 00:01:35.601000,HARD,12.0,3.0,6.0,95.601,2024,Las Vegas
NOR,McLaren,43.0,0 days 00:01:35.876000,HARD,13.0,3.0,6.0,95.876,2024,Las Vegas
NOR,McLaren,44.0,0 days 00:01:35.527000,HARD,14.0,3.0,6.0,95.527,2024,Las Vegas
NOR,McLaren,45.0,0 days 00:01:36.363000,HARD,15.0,3.0,6.0,96.363,2024,Las Vegas
NOR,McLaren,46.0,0 days 00:01:36.006000,HARD,16.0,3.0,6.0,96.006,2024,Las Vegas
NOR,McLaren,47.0,0 days 00:01:36.445000,HARD,17.0,3.0,6.0,96.445,2024,Las Vegas
NOR,McLaren,48.0,0 days 00:01:40.900000,HARD,18.0,3.0,6.0,100.9,2024,Las Vegas
NOR,McLaren,49.0,0 days 00:01:52.312000,SOFT,5.0,4.0,6.0,112.312,2024,Las Vegas
NOR,McLaren,50.0,0 days 00:01:34.876000,SOFT,6.0,4.0,6.0,94.876,2024,Las Vegas
PIA,McLaren,1.0,0 days 00:01:48.433000,MEDIUM,1.0,1.0,8.0,108.433,2024,Las Vegas
PIA,McLaren,2.0,0 days 00:01:40.495000,MEDIUM,2.0,1.0,9.0,100.495,2024,Las Vegas
PIA,McLaren,3.0,0 days 00:01:39.144000,MEDIUM,3.0,1.0,9.0,99.144,2024,Las Vegas
PIA,McLaren,4.0,0 days 00:01:39.226000,MEDIUM,4.0,1.0,9.0,99.226,2024,Las Vegas
PIA,McLaren,5.0,0 days 00:01:39.010000,MEDIUM,5.0,1.0,8.0,99.01,2024,Las Vegas
PIA,McLaren,6.0,0 days 00:01:39.097000,MEDIUM,6.0,1.0,8.0,99.097,2024,Las Vegas
PIA,McLaren,7.0,0 days 00:01:40.118000,MEDIUM,7.0,1.0,8.0,100.118,2024,Las Vegas
PIA,McLaren,8.0,0 days 00:01:40.351000,MEDIUM,8.0,1.0,9.0,100.351,2024,Las Vegas
PIA,McLaren,9.0,0 days 00:01:41.986000,MEDIUM,9.0,1.0,8.0,101.986,2024,Las Vegas
PIA,McLaren,10.0,0 days 00:01:45.430000,MEDIUM,10.0,1.0,11.0,105.43,2024,Las Vegas
PIA,McLaren,11.0,0 days 00:02:01.018000,HARD,1.0,2.0,18.0,121.018,2024,Las Vegas
PIA,McLaren,12.0,0 days 00:01:38.137000,HARD,2.0,2.0,16.0,98.137,2024,Las Vegas
PIA,McLaren,13.0,0 days 00:01:37.942000,HARD,3.0,2.0,15.0,97.942,2024,Las Vegas
PIA,McLaren,14.0,0 days 00:01:38.850000,HARD,4.0,2.0,15.0,98.85,2024,Las Vegas
PIA,McLaren,15.0,0 days 00:01:38.556000,HARD,5.0,2.0,12.0,98.556,2024,Las Vegas
PIA,McLaren,16.0,0 days 00:01:39.691000,HARD,6.0,2.0,10.0,99.691,2024,Las Vegas
PIA,McLaren,17.0,0 days 00:01:39.280000,HARD,7.0,2.0,9.0,99.28,2024,Las Vegas
PIA,McLaren,18.0,0 days 00:01:38.127000,HARD,8.0,2.0,8.0,98.127,2024,Las Vegas
PIA,McLaren,19.0,0 days 00:01:38.439000,HARD,9.0,2.0,8.0,98.439,2024,Las Vegas
PIA,McLaren,20.0,0 days 00:01:38.301000,HARD,10.0,2.0,8.0,98.301,2024,Las Vegas
PIA,McLaren,21.0,0 days 00:01:38.458000,HARD,11.0,2.0,8.0,98.458,2024,Las Vegas
PIA,McLaren,22.0,0 days 00:01:39.050000,HARD,12.0,2.0,8.0,99.05,2024,Las Vegas
PIA,McLaren,23.0,0 days 00:01:38.849000,HARD,13.0,2.0,8.0,98.849,2024,Las Vegas
PIA,McLaren,24.0,0 days 00:01:39.168000,HARD,14.0,2.0,8.0,99.168,2024,Las Vegas
PIA,McLaren,25.0,0 days 00:01:43.929000,HARD,15.0,2.0,9.0,103.929,2024,Las Vegas
PIA,McLaren,26.0,0 days 00:01:54.146000,HARD,1.0,3.0,14.0,114.146,2024,Las Vegas
PIA,McLaren,27.0,0 days 00:01:37.906000,HARD,2.0,3.0,14.0,97.906,2024,Las Vegas
PIA,McLaren,28.0,0 days 00:01:38.108000,HARD,3.0,3.0,13.0,98.108,2024,Las Vegas
PIA,McLaren,29.0,0 days 00:01:37.582000,HARD,4.0,3.0,13.0,97.582,2024,Las Vegas
PIA,McLaren,30.0,0 days 00:01:38.110000,HARD,5.0,3.0,11.0,98.11,2024,Las Vegas
PIA,McLaren,31.0,0 days 00:01:38.356000,HARD,6.0,3.0,10.0,98.356,2024,Las Vegas
PIA,McLaren,32.0,0 days 00:01:38.495000,HARD,7.0,3.0,9.0,98.495,2024,Las Vegas
PIA,McLaren,33.0,0 days 00:01:38.689000,HARD,8.0,3.0,8.0,98.689,2024,Las Vegas
PIA,McLaren,34.0,0 days 00:01:37.841000,HARD,9.0,3.0,7.0,97.841,2024,Las Vegas
PIA,McLaren,35.0,0 days 00:01:37.431000,HARD,10.0,3.0,7.0,97.431,2024,Las Vegas
PIA,McLaren,36.0,0 days 00:01:37.201000,HARD,11.0,3.0,7.0,97.201,2024,Las Vegas
PIA,McLaren,37.0,0 days 00:01:36.740000,HARD,12.0,3.0,7.0,96.74,2024,Las Vegas
PIA,McLaren,38.0,0 days 00:01:37.607000,HARD,13.0,3.0,7.0,97.607,2024,Las Vegas
PIA,McLaren,39.0,0 days 00:01:37.144000,HARD,14.0,3.0,7.0,97.144,2024,Las Vegas
PIA,McLaren,40.0,0 days 00:01:37.586000,HARD,15.0,3.0,7.0,97.586,2024,Las Vegas
PIA,McLaren,41.0,0 days 00:01:37.188000,HARD,16.0,3.0,7.0,97.188,2024,Las Vegas
PIA,McLaren,42.0,0 days 00:01:37.295000,HARD,17.0,3.0,7.0,97.295,2024,Las Vegas
PIA,McLaren,43.0,0 days 00:01:37.097000,HARD,18.0,3.0,7.0,97.097,2024,Las Vegas
PIA,McLaren,44.0,0 days 00:01:36.598000,HARD,19.0,3.0,7.0,96.598,2024,Las Vegas
PIA,McLaren,45.0,0 days 00:01:37.089000,HARD,20.0,3.0,7.0,97.089,2024,Las Vegas
PIA,McLaren,46.0,0 days 00:01:37.047000,HARD,21.0,3.0,7.0,97.047,2024,Las Vegas
PIA,McLaren,47.0,0 days 00:01:37.122000,HARD,22.0,3.0,7.0,97.122,2024,Las Vegas
PIA,McLaren,48.0,0 days 00:01:37.847000,HARD,23.0,3.0,7.0,97.847,2024,Las Vegas
PIA,McLaren,49.0,0 days 00:01:37.752000,HARD,24.0,3.0,7.0,97.752,2024,Las Vegas
PIA,McLaren,50.0,0 days 00:01:38.272000,HARD,25.0,3.0,7.0,98.272,2024,Las Vegas
HUL,Haas F1 Team,1.0,0 days 00:01:48.675000,MEDIUM,1.0,1.0,9.0,108.675,2024,Las Vegas
HUL,Haas F1 Team,2.0,0 days 00:01:39.760000,MEDIUM,2.0,1.0,8.0,99.76,2024,Las Vegas
HUL,Haas F1 Team,3.0,0 days 00:01:39.073000,MEDIUM,3.0,1.0,8.0,99.073,2024,Las Vegas
HUL,Haas F1 Team,4.0,0 days 00:01:38.998000,MEDIUM,4.0,1.0,8.0,98.998,2024,Las Vegas
HUL,Haas F1 Team,5.0,0 days 00:01:40.092000,MEDIUM,5.0,1.0,9.0,100.092,2024,Las Vegas
HUL,Haas F1 Team,6.0,0 days 00:01:40.615000,MEDIUM,6.0,1.0,10.0,100.615,2024,Las Vegas
HUL,Haas F1 Team,7.0,0 days 00:01:39.687000,MEDIUM,7.0,1.0,10.0,99.687,2024,Las Vegas
HUL,Haas F1 Team,8.0,0 days 00:01:40.577000,MEDIUM,8.0,1.0,10.0,100.577,2024,Las Vegas
HUL,Haas F1 Team,9.0,0 days 00:01:40.925000,MEDIUM,9.0,1.0,9.0,100.925,2024,Las Vegas
HUL,Haas F1 Team,10.0,0 days 00:01:40.934000,MEDIUM,10.0,1.0,5.0,100.934,2024,Las Vegas
HUL,Haas F1 Team,11.0,0 days 00:01:40.865000,MEDIUM,11.0,1.0,4.0,100.865,2024,Las Vegas
HUL,Haas F1 Team,12.0,0 days 00:01:40.972000,MEDIUM,12.0,1.0,3.0,100.972,2024,Las Vegas
HUL,Haas F1 Team,13.0,0 days 00:01:41.171000,MEDIUM,13.0,1.0,4.0,101.171,2024,Las Vegas
HUL,Haas F1 Team,14.0,0 days 00:01:46.441000,MEDIUM,14.0,1.0,5.0,106.441,2024,Las Vegas
HUL,Haas F1 Team,15.0,0 days 00:01:55.523000,HARD,1.0,2.0,15.0,115.523,2024,Las Vegas
HUL,Haas F1 Team,16.0,0 days 00:01:38.986000,HARD,2.0,2.0,15.0,98.986,2024,Las Vegas
HUL,Haas F1 Team,17.0,0 days 00:01:38.540000,HARD,3.0,2.0,12.0,98.54,2024,Las Vegas
HUL,Haas F1 Team,18.0,0 days 00:01:38.481000,HARD,4.0,2.0,11.0,98.481,2024,Las Vegas
HUL,Haas F1 Team,19.0,0 days 00:01:38.372000,HARD,5.0,2.0,10.0,98.372,2024,Las Vegas
HUL,Haas F1 Team,20.0,0 days 00:01:37.634000,HARD,6.0,2.0,10.0,97.634,2024,Las Vegas
HUL,Haas F1 Team,21.0,0 days 00:01:37.980000,HARD,7.0,2.0,10.0,97.98,2024,Las Vegas
HUL,Haas F1 Team,22.0,0 days 00:01:37.948000,HARD,8.0,2.0,9.0,97.948,2024,Las Vegas
HUL,Haas F1 Team,23.0,0 days 00:01:38.264000,HARD,9.0,2.0,9.0,98.264,2024,Las Vegas
HUL,Haas F1 Team,24.0,0 days 00:01:38.166000,HARD,10.0,2.0,9.0,98.166,2024,Las Vegas
HUL,Haas F1 Team,25.0,0 days 00:01:38.705000,HARD,11.0,2.0,8.0,98.705,2024,Las Vegas
HUL,Haas F1 Team,26.0,0 days 00:01:38.539000,HARD,12.0,2.0,8.0,98.539,2024,Las Vegas
HUL,Haas F1 Team,27.0,0 days 00:01:38.706000,HARD,13.0,2.0,8.0,98.706,2024,Las Vegas
HUL,Haas F1 Team,28.0,0 days 00:01:38.986000,HARD,14.0,2.0,8.0,98.986,2024,Las Vegas
HUL,Haas F1 Team,29.0,0 days 00:01:39.469000,HARD,15.0,2.0,7.0,99.469,2024,Las Vegas
HUL,Haas F1 Team,30.0,0 days 00:01:38.817000,HARD,16.0,2.0,7.0,98.817,2024,Las Vegas
HUL,Haas F1 Team,31.0,0 days 00:01:38.600000,HARD,17.0,2.0,6.0,98.6,2024,Las Vegas
HUL,Haas F1 Team,32.0,0 days 00:01:38.741000,HARD,18.0,2.0,6.0,98.741,2024,Las Vegas
HUL,Haas F1 Team,33.0,0 days 00:01:43.457000,HARD,19.0,2.0,7.0,103.457,2024,Las Vegas
HUL,Haas F1 Team,34.0,0 days 00:01:55.136000,HARD,1.0,3.0,11.0,115.136,2024,Las Vegas
HUL,Haas F1 Team,35.0,0 days 00:01:38.045000,HARD,2.0,3.0,11.0,98.045,2024,Las Vegas
HUL,Haas F1 Team,36.0,0 days 00:01:37.730000,HARD,3.0,3.0,9.0,97.73,2024,Las Vegas
HUL,Haas F1 Team,37.0,0 days 00:01:37.526000,HARD,4.0,3.0,9.0,97.526,2024,Las Vegas
HUL,Haas F1 Team,38.0,0 days 00:01:37.528000,HARD,5.0,3.0,9.0,97.528,2024,Las Vegas
HUL,Haas F1 Team,39.0,0 days 00:01:37.228000,HARD,6.0,3.0,9.0,97.228,2024,Las Vegas
HUL,Haas F1 Team,40.0,0 days 00:01:37.687000,HARD,7.0,3.0,9.0,97.687,2024,Las Vegas
HUL,Haas F1 Team,41.0,0 days 00:01:38.226000,HARD,8.0,3.0,9.0,98.226,2024,Las Vegas
HUL,Haas F1 Team,42.0,0 days 00:01:37.999000,HARD,9.0,3.0,9.0,97.999,2024,Las Vegas
HUL,Haas F1 Team,43.0,0 days 00:01:37.556000,HARD,10.0,3.0,9.0,97.556,2024,Las Vegas
HUL,Haas F1 Team,44.0,0 days 00:01:36.893000,HARD,11.0,3.0,8.0,96.893,2024,Las Vegas
HUL,Haas F1 Team,45.0,0 days 00:01:36.680000,HARD,12.0,3.0,8.0,96.68,2024,Las Vegas
HUL,Haas F1 Team,46.0,0 days 00:01:36.986000,HARD,13.0,3.0,8.0,96.986,2024,Las Vegas
HUL,Haas F1 Team,47.0,0 days 00:01:36.994000,HARD,14.0,3.0,8.0,96.994,2024,Las Vegas
HUL,Haas F1 Team,48.0,0 days 00:01:36.585000,HARD,15.0,3.0,8.0,96.585,2024,Las Vegas
HUL,Haas F1 Team,49.0,0 days 00:01:36.704000,HARD,16.0,3.0,8.0,96.704,2024,Las Vegas
HUL,Haas F1 Team,50.0,0 days 00:01:37.575000,HARD,17.0,3.0,8.0,97.575,2024,Las Vegas
TSU,RB,1.0,0 days 00:01:47.340000,MEDIUM,1.0,1.0,7.0,107.34,2024,Las Vegas
TSU,RB,2.0,0 days 00:01:40.026000,MEDIUM,2.0,1.0,7.0,100.026,2024,Las Vegas
TSU,RB,3.0,0 days 00:01:39.407000,MEDIUM,3.0,1.0,7.0,99.407,2024,Las Vegas
TSU,RB,4.0,0 days 00:01:39.071000,MEDIUM,4.0,1.0,7.0,99.071,2024,Las Vegas
TSU,RB,5.0,0 days 00:01:39.366000,MEDIUM,5.0,1.0,7.0,99.366,2024,Las Vegas
TSU,RB,6.0,0 days 00:01:39.428000,MEDIUM,6.0,1.0,7.0,99.428,2024,Las Vegas
TSU,RB,7.0,0 days 00:01:39.507000,MEDIUM,7.0,1.0,7.0,99.507,2024,Las Vegas
TSU,RB,8.0,0 days 00:01:39.973000,MEDIUM,8.0,1.0,7.0,99.973,2024,Las Vegas
TSU,RB,9.0,0 days 00:01:42.418000,MEDIUM,9.0,1.0,6.0,102.418,2024,Las Vegas
TSU,RB,10.0,0 days 00:01:45.973000,MEDIUM,10.0,1.0,10.0,105.973,2024,Las Vegas
TSU,RB,11.0,0 days 00:01:55.855000,HARD,2.0,2.0,15.0,115.855,2024,Las Vegas
TSU,RB,12.0,0 days 00:01:38.177000,HARD,3.0,2.0,12.0,98.177,2024,Las Vegas
TSU,RB,13.0,0 days 00:01:38.304000,HARD,4.0,2.0,12.0,98.304,2024,Las Vegas
TSU,RB,14.0,0 days 00:01:40.190000,HARD,5.0,2.0,12.0,100.19,2024,Las Vegas
TSU,RB,15.0,0 days 00:01:40.745000,HARD,6.0,2.0,9.0,100.745,2024,Las Vegas
TSU,RB,16.0,0 days 00:01:40.708000,HARD,7.0,2.0,8.0,100.708,2024,Las Vegas
TSU,RB,17.0,0 days 00:01:38.549000,HARD,8.0,2.0,8.0,98.549,2024,Las Vegas
TSU,RB,18.0,0 days 00:01:38.576000,HARD,9.0,2.0,7.0,98.576,2024,Las Vegas
TSU,RB,19.0,0 days 00:01:38.490000,HARD,10.0,2.0,7.0,98.49,2024,Las Vegas
TSU,RB,20.0,0 days 00:01:38.258000,HARD,11.0,2.0,7.0,98.258,2024,Las Vegas
TSU,RB,21.0,0 days 00:01:38.387000,HARD,12.0,2.0,7.0,98.387,2024,Las Vegas
TSU,RB,22.0,0 days 00:01:38.831000,HARD,13.0,2.0,7.0,98.831,2024,Las Vegas
TSU,RB,23.0,0 days 00:01:38.925000,HARD,14.0,2.0,7.0,98.925,2024,Las Vegas
TSU,RB,24.0,0 days 00:01:40.038000,HARD,15.0,2.0,7.0,100.038,2024,Las Vegas
TSU,RB,25.0,0 days 00:01:38.985000,HARD,16.0,2.0,7.0,98.985,2024,Las Vegas
TSU,RB,26.0,0 days 00:01:38.932000,HARD,17.0,2.0,7.0,98.932,2024,Las Vegas
TSU,RB,27.0,0 days 00:01:38.827000,HARD,18.0,2.0,7.0,98.827,2024,Las Vegas
TSU,RB,28.0,0 days 00:01:39.213000,HARD,19.0,2.0,7.0,99.213,2024,Las Vegas
TSU,RB,29.0,0 days 00:01:44.582000,HARD,20.0,2.0,8.0,104.582,2024,Las Vegas
TSU,RB,30.0,0 days 00:01:55.356000,HARD,2.0,3.0,13.0,115.356,2024,Las Vegas
TSU,RB,31.0,0 days 00:01:38.720000,HARD,3.0,3.0,13.0,98.72,2024,Las Vegas
TSU,RB,32.0,0 days 00:01:38.174000,HARD,4.0,3.0,13.0,98.174,2024,Las Vegas
TSU,RB,33.0,0 days 00:01:38.044000,HARD,5.0,3.0,12.0,98.044,2024,Las Vegas
TSU,RB,34.0,0 days 00:01:38.088000,HARD,6.0,3.0,9.0,98.088,2024,Las Vegas
TSU,RB,35.0,0 days 00:01:38.173000,HARD,7.0,3.0,8.0,98.173,2024,Las Vegas
TSU,RB,36.0,0 days 00:01:38.514000,HARD,8.0,3.0,8.0,98.514,2024,Las Vegas
TSU,RB,37.0,0 days 00:01:37.600000,HARD,9.0,3.0,8.0,97.6,2024,Las Vegas
TSU,RB,38.0,0 days 00:01:38.146000,HARD,10.0,3.0,8.0,98.146,2024,Las Vegas
TSU,RB,39.0,0 days 00:01:37.802000,HARD,11.0,3.0,8.0,97.802,2024,Las Vegas
TSU,RB,40.0,0 days 00:01:37.624000,HARD,12.0,3.0,8.0,97.624,2024,Las Vegas
TSU,RB,41.0,0 days 00:01:38.223000,HARD,13.0,3.0,8.0,98.223,2024,Las Vegas
TSU,RB,42.0,0 days 00:01:37.721000,HARD,14.0,3.0,8.0,97.721,2024,Las Vegas
TSU,RB,43.0,0 days 00:01:37.478000,HARD,15.0,3.0,8.0,97.478,2024,Las Vegas
TSU,RB,44.0,0 days 00:01:37.976000,HARD,16.0,3.0,9.0,97.976,2024,Las Vegas
TSU,RB,45.0,0 days 00:01:37.381000,HARD,17.0,3.0,9.0,97.381,2024,Las Vegas
TSU,RB,46.0,0 days 00:01:37.323000,HARD,18.0,3.0,9.0,97.323,2024,Las Vegas
TSU,RB,47.0,0 days 00:01:37.028000,HARD,19.0,3.0,9.0,97.028,2024,Las Vegas
TSU,RB,48.0,0 days 00:01:36.957000,HARD,20.0,3.0,9.0,96.957,2024,Las Vegas
TSU,RB,49.0,0 days 00:01:37.304000,HARD,21.0,3.0,9.0,97.304,2024,Las Vegas
TSU,RB,50.0,0 days 00:01:38.064000,HARD,22.0,3.0,9.0,98.064,2024,Las Vegas
PER,Red Bull Racing,1.0,0 days 00:01:53.292000,HARD,1.0,1.0,17.0,113.292,2024,Las Vegas
PER,Red Bull Racing,2.0,0 days 00:01:42.106000,HARD,2.0,1.0,16.0,102.106,2024,Las Vegas
PER,Red Bull Racing,3.0,0 days 00:01:40.450000,HARD,3.0,1.0,16.0,100.45,2024,Las Vegas
PER,Red Bull Racing,4.0,0 days 00:01:40.282000,HARD,4.0,1.0,15.0,100.282,2024,Las Vegas
PER,Red Bull Racing,5.0,0 days 00:01:39.277000,HARD,5.0,1.0,15.0,99.277,2024,Las Vegas
PER,Red Bull Racing,6.0,0 days 00:01:38.985000,HARD,6.0,1.0,15.0,98.985,2024,Las Vegas
PER,Red Bull Racing,7.0,0 days 00:01:39.368000,HARD,7.0,1.0,14.0,99.368,2024,Las Vegas
PER,Red Bull Racing,8.0,0 days 00:01:38.882000,HARD,8.0,1.0,14.0,98.882,2024,Las Vegas
PER,Red Bull Racing,9.0,0 days 00:01:39.523000,HARD,9.0,1.0,13.0,99.523,2024,Las Vegas
PER,Red Bull Racing,10.0,0 days 00:01:39.229000,HARD,10.0,1.0,8.0,99.229,2024,Las Vegas
PER,Red Bull Racing,11.0,0 days 00:01:40.706000,HARD,11.0,1.0,5.0,100.706,2024,Las Vegas
PER,Red Bull Racing,12.0,0 days 00:01:39.663000,HARD,12.0,1.0,4.0,99.663,2024,Las Vegas
PER,Red Bull Racing,13.0,0 days 00:01:40.107000,HARD,13.0,1.0,3.0,100.107,2024,Las Vegas
PER,Red Bull Racing,14.0,0 days 00:01:40.897000,HARD,14.0,1.0,2.0,100.897,2024,Las Vegas
PER,Red Bull Racing,15.0,0 days 00:01:41.565000,HARD,15.0,1.0,3.0,101.565,2024,Las Vegas
PER,Red Bull Racing,16.0,0 days 00:01:40.939000,HARD,16.0,1.0,4.0,100.939,2024,Las Vegas
PER,Red Bull Racing,17.0,0 days 00:01:48.327000,HARD,17.0,1.0,7.0,108.327,2024,Las Vegas
PER,Red Bull Racing,18.0,0 days 00:01:56.440000,MEDIUM,1.0,2.0,14.0,116.44,2024,Las Vegas
PER,Red Bull Racing,19.0,0 days 00:01:38.953000,MEDIUM,2.0,2.0,14.0,98.953,2024,Las Vegas
PER,Red Bull Racing,20.0,0 days 00:01:38.250000,MEDIUM,3.0,2.0,14.0,98.25,2024,Las Vegas
PER,Red Bull Racing,21.0,0 days 00:01:38.109000,MEDIUM,4.0,2.0,14.0,98.109,2024,Las Vegas
PER,Red Bull Racing,22.0,0 days 00:01:38.112000,MEDIUM,5.0,2.0,14.0,98.112,2024,Las Vegas
PER,Red Bull Racing,23.0,0 days 00:01:38.007000,MEDIUM,6.0,2.0,14.0,98.007,2024,Las Vegas
PER,Red Bull Racing,24.0,0 days 00:01:38.326000,MEDIUM,7.0,2.0,12.0,98.326,2024,Las Vegas
PER,Red Bull Racing,25.0,0 days 00:01:38.100000,MEDIUM,8.0,2.0,11.0,98.1,2024,Las Vegas
PER,Red Bull Racing,26.0,0 days 00:01:37.931000,MEDIUM,9.0,2.0,9.0,97.931,2024,Las Vegas
PER,Red Bull Racing,27.0,0 days 00:01:38.360000,MEDIUM,10.0,2.0,9.0,98.36,2024,Las Vegas
PER,Red Bull Racing,28.0,0 days 00:01:37.997000,MEDIUM,11.0,2.0,9.0,97.997,2024,Las Vegas
PER,Red Bull Racing,29.0,0 days 00:01:37.883000,MEDIUM,12.0,2.0,9.0,97.883,2024,Las Vegas
PER,Red Bull Racing,30.0,0 days 00:01:38.317000,MEDIUM,13.0,2.0,8.0,98.317,2024,Las Vegas
PER,Red Bull Racing,31.0,0 days 00:01:39.896000,MEDIUM,14.0,2.0,8.0,99.896,2024,Las Vegas
PER,Red Bull Racing,32.0,0 days 00:01:43.652000,MEDIUM,15.0,2.0,8.0,103.652,2024,Las Vegas
PER,Red Bull Racing,33.0,0 days 00:01:54.573000,HARD,1.0,3.0,15.0,114.573,2024,Las Vegas
PER,Red Bull Racing,34.0,0 days 00:01:37.262000,HARD,2.0,3.0,15.0,97.262,2024,Las Vegas
PER,Red Bull Racing,35.0,0 days 00:01:37.112000,HARD,3.0,3.0,14.0,97.112,2024,Las Vegas
PER,Red Bull Racing,36.0,0 days 00:01:36.983000,HARD,4.0,3.0,14.0,96.983,2024,Las Vegas
PER,Red Bull Racing,37.0,0 days 00:01:38.607000,HARD,5.0,3.0,12.0,98.607,2024,Las Vegas
PER,Red Bull Racing,38.0,0 days 00:01:37.542000,HARD,6.0,3.0,12.0,97.542,2024,Las Vegas
PER,Red Bull Racing,39.0,0 days 00:01:38.613000,HARD,7.0,3.0,11.0,98.613,2024,Las Vegas
PER,Red Bull Racing,40.0,0 days 00:01:37.536000,HARD,8.0,3.0,11.0,97.536,2024,Las Vegas
PER,Red Bull Racing,41.0,0 days 00:01:36.579000,HARD,9.0,3.0,11.0,96.579,2024,Las Vegas
PER,Red Bull Racing,42.0,0 days 00:01:36.326000,HARD,10.0,3.0,11.0,96.326,2024,Las Vegas
PER,Red Bull Racing,43.0,0 days 00:01:36.491000,HARD,11.0,3.0,11.0,96.491,2024,Las Vegas
PER,Red Bull Racing,44.0,0 days 00:01:37.037000,HARD,12.0,3.0,11.0,97.037,2024,Las Vegas
PER,Red Bull Racing,45.0,0 days 00:01:37.396000,HARD,13.0,3.0,10.0,97.396,2024,Las Vegas
PER,Red Bull Racing,46.0,0 days 00:01:36.950000,HARD,14.0,3.0,10.0,96.95,2024,Las Vegas
PER,Red Bull Racing,47.0,0 days 00:01:36.473000,HARD,15.0,3.0,10.0,96.473,2024,Las Vegas
PER,Red Bull Racing,48.0,0 days 00:01:36.716000,HARD,16.0,3.0,10.0,96.716,2024,Las Vegas
PER,Red Bull Racing,49.0,0 days 00:01:36.939000,HARD,17.0,3.0,10.0,96.939,2024,Las Vegas
PER,Red Bull Racing,50.0,0 days 00:01:38.017000,HARD,18.0,3.0,10.0,98.017,2024,Las Vegas
ALO,Aston Martin,1.0,0 days 00:01:52.823000,SOFT,1.0,1.0,15.0,112.823,2024,Las Vegas
ALO,Aston Martin,2.0,0 days 00:01:40.592000,SOFT,2.0,1.0,14.0,100.592,2024,Las Vegas
ALO,Aston Martin,3.0,0 days 00:01:40.165000,SOFT,3.0,1.0,14.0,100.165,2024,Las Vegas
ALO,Aston Martin,4.0,0 days 00:01:45.129000,SOFT,4.0,1.0,19.0,105.129,2024,Las Vegas
ALO,Aston Martin,5.0,0 days 00:01:55.610000,HARD,2.0,2.0,20.0,115.61,2024,Las Vegas
ALO,Aston Martin,6.0,0 days 00:01:39.777000,HARD,3.0,2.0,20.0,99.777,2024,Las Vegas
ALO,Aston Martin,7.0,0 days 00:01:39.233000,HARD,4.0,2.0,20.0,99.233,2024,Las Vegas
ALO,Aston Martin,8.0,0 days 00:01:39.614000,HARD,5.0,2.0,20.0,99.614,2024,Las Vegas
ALO,Aston Martin,9.0,0 days 00:01:39.125000,HARD,6.0,2.0,20.0,99.125,2024,Las Vegas
ALO,Aston Martin,10.0,0 days 00:01:38.935000,HARD,7.0,2.0,18.0,98.935,2024,Las Vegas
ALO,Aston Martin,11.0,0 days 00:01:38.578000,HARD,8.0,2.0,17.0,98.578,2024,Las Vegas
ALO,Aston Martin,12.0,0 days 00:01:38.615000,HARD,9.0,2.0,14.0,98.615,2024,Las Vegas
ALO,Aston Martin,13.0,0 days 00:01:38.437000,HARD,10.0,2.0,14.0,98.437,2024,Las Vegas
ALO,Aston Martin,14.0,0 days 00:01:39.368000,HARD,11.0,2.0,14.0,99.368,2024,Las Vegas
ALO,Aston Martin,15.0,0 days 00:01:42.232000,HARD,12.0,2.0,13.0,102.232,2024,Las Vegas
ALO,Aston Martin,16.0,0 days 00:01:41.595000,HARD,13.0,2.0,12.0,101.595,2024,Las Vegas
ALO,Aston Martin,17.0,0 days 00:01:40.366000,HARD,14.0,2.0,10.0,100.366,2024,Las Vegas
ALO,Aston Martin,18.0,0 days 00:01:39.432000,HARD,15.0,2.0,10.0,99.432,2024,Las Vegas
ALO,Aston Martin,19.0,0 days 00:01:39.761000,HARD,16.0,2.0,11.0,99.761,2024,Las Vegas
ALO,Aston Martin,20.0,0 days 00:01:38.612000,HARD,17.0,2.0,11.0,98.612,2024,Las Vegas
ALO,Aston Martin,21.0,0 days 00:01:38.989000,HARD,18.0,2.0,11.0,98.989,2024,Las Vegas
ALO,Aston Martin,22.0,0 days 00:01:39.515000,HARD,19.0,2.0,11.0,99.515,2024,Las Vegas
ALO,Aston Martin,23.0,0 days 00:01:41.065000,HARD,20.0,2.0,12.0,101.065,2024,Las Vegas
ALO,Aston Martin,24.0,0 days 00:01:44.985000,HARD,21.0,2.0,15.0,104.985,2024,Las Vegas
ALO,Aston Martin,25.0,0 days 00:01:54.074000,HARD,2.0,3.0,17.0,114.074,2024,Las Vegas
ALO,Aston Martin,26.0,0 days 00:01:37.924000,HARD,3.0,3.0,16.0,97.924,2024,Las Vegas
ALO,Aston Martin,27.0,0 days 00:01:38.422000,HARD,4.0,3.0,15.0,98.422,2024,Las Vegas
ALO,Aston Martin,28.0,0 days 00:01:38.655000,HARD,5.0,3.0,15.0,98.655,2024,Las Vegas
ALO,Aston Martin,29.0,0 days 00:01:38.034000,HARD,6.0,3.0,14.0,98.034,2024,Las Vegas
ALO,Aston Martin,30.0,0 days 00:01:37.818000,HARD,7.0,3.0,14.0,97.818,2024,Las Vegas
ALO,Aston Martin,31.0,0 days 00:01:38.053000,HARD,8.0,3.0,14.0,98.053,2024,Las Vegas
ALO,Aston Martin,32.0,0 days 00:01:37.531000,HARD,9.0,3.0,14.0,97.531,2024,Las Vegas
ALO,Aston Martin,33.0,0 days 00:01:37.634000,HARD,10.0,3.0,13.0,97.634,2024,Las Vegas
ALO,Aston Martin,34.0,0 days 00:01:37.932000,HARD,11.0,3.0,13.0,97.932,2024,Las Vegas
ALO,Aston Martin,35.0,0 days 00:01:37.883000,HARD,12.0,3.0,12.0,97.883,2024,Las Vegas
ALO,Aston Martin,36.0,0 days 00:01:38.853000,HARD,13.0,3.0,11.0,98.853,2024,Las Vegas
ALO,Aston Martin,37.0,0 days 00:01:37.820000,HARD,14.0,3.0,10.0,97.82,2024,Las Vegas
ALO,Aston Martin,38.0,0 days 00:01:37.565000,HARD,15.0,3.0,10.0,97.565,2024,Las Vegas
ALO,Aston Martin,39.0,0 days 00:01:36.553000,HARD,16.0,3.0,10.0,96.553,2024,Las Vegas
ALO,Aston Martin,40.0,0 days 00:01:37.174000,HARD,17.0,3.0,10.0,97.174,2024,Las Vegas
ALO,Aston Martin,41.0,0 days 00:01:37.681000,HARD,18.0,3.0,10.0,97.681,2024,Las Vegas
ALO,Aston Martin,42.0,0 days 00:01:38.078000,HARD,19.0,3.0,10.0,98.078,2024,Las Vegas
ALO,Aston Martin,43.0,0 days 00:01:37.775000,HARD,20.0,3.0,10.0,97.775,2024,Las Vegas
ALO,Aston Martin,44.0,0 days 00:01:37.754000,HARD,21.0,3.0,10.0,97.754,2024,Las Vegas
ALO,Aston Martin,45.0,0 days 00:01:38.527000,HARD,22.0,3.0,11.0,98.527,2024,Las Vegas
ALO,Aston Martin,46.0,0 days 00:01:38.513000,HARD,23.0,3.0,11.0,98.513,2024,Las Vegas
ALO,Aston Martin,47.0,0 days 00:01:38.136000,HARD,24.0,3.0,11.0,98.136,2024,Las Vegas
ALO,Aston Martin,48.0,0 days 00:01:38.338000,HARD,25.0,3.0,11.0,98.338,2024,Las Vegas
ALO,Aston Martin,49.0,0 days 00:01:37.904000,HARD,26.0,3.0,11.0,97.904,2024,Las Vegas
ALO,Aston Martin,50.0,0 days 00:01:37.980000,HARD,27.0,3.0,11.0,97.98,2024,Las Vegas
MAG,Haas F1 Team,1.0,0 days 00:01:52.614000,MEDIUM,1.0,1.0,14.0,112.614,2024,Las Vegas
MAG,Haas F1 Team,2.0,0 days 00:01:42.380000,MEDIUM,2.0,1.0,15.0,102.38,2024,Las Vegas
MAG,Haas F1 Team,3.0,0 days 00:01:40.169000,MEDIUM,3.0,1.0,15.0,100.169,2024,Las Vegas
MAG,Haas F1 Team,4.0,0 days 00:01:40.422000,MEDIUM,4.0,1.0,14.0,100.422,2024,Las Vegas
MAG,Haas F1 Team,5.0,0 days 00:01:39.314000,MEDIUM,5.0,1.0,14.0,99.314,2024,Las Vegas
MAG,Haas F1 Team,6.0,0 days 00:01:38.923000,MEDIUM,6.0,1.0,14.0,98.923,2024,Las Vegas
MAG,Haas F1 Team,7.0,0 days 00:01:40.623000,MEDIUM,7.0,1.0,15.0,100.623,2024,Las Vegas
MAG,Haas F1 Team,8.0,0 days 00:01:39.595000,MEDIUM,8.0,1.0,15.0,99.595,2024,Las Vegas
MAG,Haas F1 Team,9.0,0 days 00:01:40.151000,MEDIUM,9.0,1.0,15.0,100.151,2024,Las Vegas
MAG,Haas F1 Team,10.0,0 days 00:01:41.368000,MEDIUM,10.0,1.0,13.0,101.368,2024,Las Vegas
MAG,Haas F1 Team,11.0,0 days 00:01:41.267000,MEDIUM,11.0,1.0,7.0,101.267,2024,Las Vegas
MAG,Haas F1 Team,12.0,0 days 00:01:41.935000,MEDIUM,12.0,1.0,6.0,101.935,2024,Las Vegas
MAG,Haas F1 Team,13.0,0 days 00:01:42.195000,MEDIUM,13.0,1.0,8.0,102.195,2024,Las Vegas
MAG,Haas F1 Team,14.0,0 days 00:01:42.439000,MEDIUM,14.0,1.0,9.0,102.439,2024,Las Vegas
MAG,Haas F1 Team,15.0,0 days 00:01:41.962000,MEDIUM,15.0,1.0,8.0,101.962,2024,Las Vegas
MAG,Haas F1 Team,16.0,0 days 00:01:41.850000,MEDIUM,16.0,1.0,9.0,101.85,2024,Las Vegas
MAG,Haas F1 Team,17.0,0 days 00:01:47.306000,MEDIUM,17.0,1.0,14.0,107.306,2024,Las Vegas
MAG,Haas F1 Team,18.0,0 days 00:01:57.747000,HARD,1.0,2.0,18.0,117.747,2024,Las Vegas
MAG,Haas F1 Team,19.0,0 days 00:01:39.918000,HARD,2.0,2.0,18.0,99.918,2024,Las Vegas
MAG,Haas F1 Team,20.0,0 days 00:01:39.233000,HARD,3.0,2.0,18.0,99.233,2024,Las Vegas
MAG,Haas F1 Team,21.0,0 days 00:01:39.503000,HARD,4.0,2.0,18.0,99.503,2024,Las Vegas
MAG,Haas F1 Team,22.0,0 days 00:01:39.030000,HARD,5.0,2.0,18.0,99.03,2024,Las Vegas
MAG,Haas F1 Team,23.0,0 days 00:01:39.182000,HARD,6.0,2.0,18.0,99.182,2024,Las Vegas
MAG,Haas F1 Team,24.0,0 days 00:01:38.696000,HARD,7.0,2.0,18.0,98.696,2024,Las Vegas
MAG,Haas F1 Team,25.0,0 days 00:01:39.087000,HARD,8.0,2.0,18.0,99.087,2024,Las Vegas
MAG,Haas F1 Team,26.0,0 days 00:01:38.295000,HARD,9.0,2.0,17.0,98.295,2024,Las Vegas
MAG,Haas F1 Team,27.0,0 days 00:01:39.412000,HARD,10.0,2.0,16.0,99.412,2024,Las Vegas
MAG,Haas F1 Team,28.0,0 days 00:01:38.627000,HARD,11.0,2.0,16.0,98.627,2024,Las Vegas
MAG,Haas F1 Team,29.0,0 days 00:01:38.430000,HARD,12.0,2.0,15.0,98.43,2024,Las Vegas
MAG,Haas F1 Team,30.0,0 days 00:01:38.261000,HARD,13.0,2.0,15.0,98.261,2024,Las Vegas
MAG,Haas F1 Team,31.0,0 days 00:01:38.073000,HARD,14.0,2.0,15.0,98.073,2024,Las Vegas
MAG,Haas F1 Team,32.0,0 days 00:01:37.948000,HARD,15.0,2.0,15.0,97.948,2024,Las Vegas
MAG,Haas F1 Team,33.0,0 days 00:01:37.731000,HARD,16.0,2.0,14.0,97.731,2024,Las Vegas
MAG,Haas F1 Team,34.0,0 days 00:01:37.680000,HARD,17.0,2.0,14.0,97.68,2024,Las Vegas
MAG,Haas F1 Team,35.0,0 days 00:01:37.371000,HARD,18.0,2.0,13.0,97.371,2024,Las Vegas
MAG,Haas F1 Team,36.0,0 days 00:01:38.043000,HARD,19.0,2.0,13.0,98.043,2024,Las Vegas
MAG,Haas F1 Team,37.0,0 days 00:01:40.547000,HARD,20.0,2.0,14.0,100.547,2024,Las Vegas
MAG,Haas F1 Team,38.0,0 days 00:01:39.440000,HARD,21.0,2.0,13.0,99.44,2024,Las Vegas
MAG,Haas F1 Team,39.0,0 days 00:01:37.857000,HARD,22.0,2.0,13.0,97.857,2024,Las Vegas
MAG,Haas F1 Team,40.0,0 days 00:01:37.831000,HARD,23.0,2.0,12.0,97.831,2024,Las Vegas
MAG,Haas F1 Team,41.0,0 days 00:01:37.945000,HARD,24.0,2.0,12.0,97.945,2024,Las Vegas
MAG,Haas F1 Team,42.0,0 days 00:01:37.555000,HARD,25.0,2.0,12.0,97.555,2024,Las Vegas
MAG,Haas F1 Team,43.0,0 days 00:01:37.881000,HARD,26.0,2.0,12.0,97.881,2024,Las Vegas
MAG,Haas F1 Team,44.0,0 days 00:01:37.784000,HARD,27.0,2.0,12.0,97.784,2024,Las Vegas
MAG,Haas F1 Team,45.0,0 days 00:01:37.471000,HARD,28.0,2.0,12.0,97.471,2024,Las Vegas
MAG,Haas F1 Team,46.0,0 days 00:01:37.228000,HARD,29.0,2.0,12.0,97.228,2024,Las Vegas
MAG,Haas F1 Team,47.0,0 days 00:01:36.775000,HARD,30.0,2.0,12.0,96.775,2024,Las Vegas
MAG,Haas F1 Team,48.0,0 days 00:01:36.816000,HARD,31.0,2.0,12.0,96.816,2024,Las Vegas
MAG,Haas F1 Team,49.0,0 days 00:01:36.557000,HARD,32.0,2.0,12.0,96.557,2024,Las Vegas
MAG,Haas F1 Team,50.0,0 days 00:01:37.305000,HARD,33.0,2.0,12.0,97.305,2024,Las Vegas
ZHO,Kick Sauber,1.0,0 days 00:01:50.678000,MEDIUM,2.0,1.0,12.0,110.678,2024,Las Vegas
ZHO,Kick Sauber,2.0,0 days 00:01:40.366000,MEDIUM,3.0,1.0,12.0,100.366,2024,Las Vegas
ZHO,Kick Sauber,3.0,0 days 00:01:39.399000,MEDIUM,4.0,1.0,12.0,99.399,2024,Las Vegas
ZHO,Kick Sauber,4.0,0 days 00:01:39.307000,MEDIUM,5.0,1.0,12.0,99.307,2024,Las Vegas
ZHO,Kick Sauber,5.0,0 days 00:01:39.398000,MEDIUM,6.0,1.0,12.0,99.398,2024,Las Vegas
ZHO,Kick Sauber,6.0,0 days 00:01:39.769000,MEDIUM,7.0,1.0,12.0,99.769,2024,Las Vegas
ZHO,Kick Sauber,7.0,0 days 00:01:39.911000,MEDIUM,8.0,1.0,12.0,99.911,2024,Las Vegas
ZHO,Kick Sauber,8.0,0 days 00:01:40.168000,MEDIUM,9.0,1.0,12.0,100.168,2024,Las Vegas
ZHO,Kick Sauber,9.0,0 days 00:01:40.819000,MEDIUM,10.0,1.0,12.0,100.819,2024,Las Vegas
ZHO,Kick Sauber,10.0,0 days 00:01:41.281000,MEDIUM,11.0,1.0,7.0,101.281,2024,Las Vegas
ZHO,Kick Sauber,11.0,0 days 00:01:46.469000,MEDIUM,12.0,1.0,9.0,106.469,2024,Las Vegas
ZHO,Kick Sauber,12.0,0 days 00:01:59.067000,HARD,2.0,2.0,18.0,119.067,2024,Las Vegas
ZHO,Kick Sauber,13.0,0 days 00:01:39.928000,HARD,3.0,2.0,17.0,99.928,2024,Las Vegas
ZHO,Kick Sauber,14.0,0 days 00:01:39.349000,HARD,4.0,2.0,17.0,99.349,2024,Las Vegas
ZHO,Kick Sauber,15.0,0 days 00:01:38.978000,HARD,5.0,2.0,16.0,98.978,2024,Las Vegas
ZHO,Kick Sauber,16.0,0 days 00:01:39.212000,HARD,6.0,2.0,16.0,99.212,2024,Las Vegas
ZHO,Kick Sauber,17.0,0 days 00:01:39.144000,HARD,7.0,2.0,13.0,99.144,2024,Las Vegas
ZHO,Kick Sauber,18.0,0 days 00:01:38.902000,HARD,8.0,2.0,12.0,98.902,2024,Las Vegas
ZHO,Kick Sauber,19.0,0 days 00:01:38.981000,HARD,9.0,2.0,12.0,98.981,2024,Las Vegas
ZHO,Kick Sauber,20.0,0 days 00:01:38.775000,HARD,10.0,2.0,12.0,98.775,2024,Las Vegas
ZHO,Kick Sauber,21.0,0 days 00:01:38.846000,HARD,11.0,2.0,12.0,98.846,2024,Las Vegas
ZHO,Kick Sauber,22.0,0 days 00:01:38.846000,HARD,12.0,2.0,12.0,98.846,2024,Las Vegas
ZHO,Kick Sauber,23.0,0 days 00:01:39.691000,HARD,13.0,2.0,11.0,99.691,2024,Las Vegas
ZHO,Kick Sauber,24.0,0 days 00:01:39.382000,HARD,14.0,2.0,11.0,99.382,2024,Las Vegas
ZHO,Kick Sauber,25.0,0 days 00:01:39.800000,HARD,15.0,2.0,10.0,99.8,2024,Las Vegas
ZHO,Kick Sauber,26.0,0 days 00:01:40.098000,HARD,16.0,2.0,10.0,100.098,2024,Las Vegas
ZHO,Kick Sauber,27.0,0 days 00:01:39.643000,HARD,17.0,2.0,10.0,99.643,2024,Las Vegas
ZHO,Kick Sauber,28.0,0 days 00:01:39.644000,HARD,18.0,2.0,10.0,99.644,2024,Las Vegas
ZHO,Kick Sauber,29.0,0 days 00:01:39.313000,HARD,19.0,2.0,10.0,99.313,2024,Las Vegas
ZHO,Kick Sauber,30.0,0 days 00:01:39.663000,HARD,20.0,2.0,9.0,99.663,2024,Las Vegas
ZHO,Kick Sauber,31.0,0 days 00:01:39.674000,HARD,21.0,2.0,9.0,99.674,2024,Las Vegas
ZHO,Kick Sauber,32.0,0 days 00:01:40.016000,HARD,22.0,2.0,10.0,100.016,2024,Las Vegas
ZHO,Kick Sauber,33.0,0 days 00:01:39.448000,HARD,23.0,2.0,9.0,99.448,2024,Las Vegas
ZHO,Kick Sauber,34.0,0 days 00:01:44.144000,HARD,24.0,2.0,12.0,104.144,2024,Las Vegas
ZHO,Kick Sauber,35.0,0 days 00:01:55.582000,HARD,1.0,3.0,16.0,115.582,2024,Las Vegas
ZHO,Kick Sauber,36.0,0 days 00:01:37.950000,HARD,2.0,3.0,16.0,97.95,2024,Las Vegas
ZHO,Kick Sauber,37.0,0 days 00:01:37.553000,HARD,3.0,3.0,16.0,97.553,2024,Las Vegas
ZHO,Kick Sauber,38.0,0 days 00:01:37.515000,HARD,4.0,3.0,16.0,97.515,2024,Las Vegas
ZHO,Kick Sauber,39.0,0 days 00:01:37.189000,HARD,5.0,3.0,15.0,97.189,2024,Las Vegas
ZHO,Kick Sauber,40.0,0 days 00:01:36.913000,HARD,6.0,3.0,15.0,96.913,2024,Las Vegas
ZHO,Kick Sauber,41.0,0 days 00:01:37.003000,HARD,7.0,3.0,15.0,97.003,2024,Las Vegas
ZHO,Kick Sauber,42.0,0 days 00:01:37.183000,HARD,8.0,3.0,15.0,97.183,2024,Las Vegas
ZHO,Kick Sauber,43.0,0 days 00:01:36.766000,HARD,9.0,3.0,15.0,96.766,2024,Las Vegas
ZHO,Kick Sauber,44.0,0 days 00:01:37.082000,HARD,10.0,3.0,14.0,97.082,2024,Las Vegas
ZHO,Kick Sauber,45.0,0 days 00:01:36.542000,HARD,11.0,3.0,14.0,96.542,2024,Las Vegas
ZHO,Kick Sauber,46.0,0 days 00:01:36.324000,HARD,12.0,3.0,14.0,96.324,2024,Las Vegas
ZHO,Kick Sauber,47.0,0 days 00:01:36.360000,HARD,13.0,3.0,14.0,96.36,2024,Las Vegas
ZHO,Kick Sauber,48.0,0 days 00:01:36.609000,HARD,14.0,3.0,14.0,96.609,2024,Las Vegas
ZHO,Kick Sauber,49.0,0 days 00:01:36.975000,HARD,15.0,3.0,14.0,96.975,2024,Las Vegas
ZHO,Kick Sauber,50.0,0 days 00:01:38.399000,HARD,16.0,3.0,13.0,98.399,2024,Las Vegas
COL,Williams,1.0,0 days 00:01:55.624000,HARD,1.0,1.0,20.0,115.624,2024,Las Vegas
COL,Williams,2.0,0 days 00:01:42.181000,HARD,2.0,1.0,20.0,102.181,2024,Las Vegas
COL,Williams,3.0,0 days 00:01:41.198000,HARD,3.0,1.0,20.0,101.198,2024,Las Vegas
COL,Williams,4.0,0 days 00:01:39.852000,HARD,4.0,1.0,20.0,99.852,2024,Las Vegas
COL,Williams,5.0,0 days 00:01:39.837000,HARD,5.0,1.0,19.0,99.837,2024,Las Vegas
COL,Williams,6.0,0 days 00:01:39.204000,HARD,6.0,1.0,19.0,99.204,2024,Las Vegas
COL,Williams,7.0,0 days 00:01:40.570000,HARD,7.0,1.0,19.0,100.57,2024,Las Vegas
COL,Williams,8.0,0 days 00:01:39.397000,HARD,8.0,1.0,19.0,99.397,2024,Las Vegas
COL,Williams,9.0,0 days 00:01:39.574000,HARD,9.0,1.0,17.0,99.574,2024,Las Vegas
COL,Williams,10.0,0 days 00:01:39.335000,HARD,10.0,1.0,15.0,99.335,2024,Las Vegas
COL,Williams,11.0,0 days 00:01:40.973000,HARD,11.0,1.0,10.0,100.973,2024,Las Vegas
COL,Williams,12.0,0 days 00:01:42.436000,HARD,12.0,1.0,9.0,102.436,2024,Las Vegas
COL,Williams,13.0,0 days 00:01:42.309000,HARD,13.0,1.0,11.0,102.309,2024,Las Vegas
COL,Williams,14.0,0 days 00:01:42.135000,HARD,14.0,1.0,11.0,102.135,2024,Las Vegas
COL,Williams,15.0,0 days 00:01:42.397000,HARD,15.0,1.0,11.0,102.397,2024,Las Vegas
COL,Williams,16.0,0 days 00:01:46.201000,HARD,16.0,1.0,14.0,106.201,2024,Las Vegas
COL,Williams,17.0,0 days 00:01:55.655000,MEDIUM,1.0,2.0,19.0,115.655,2024,Las Vegas
COL,Williams,18.0,0 days 00:01:39.217000,MEDIUM,2.0,2.0,17.0,99.217,2024,Las Vegas
COL,Williams,19.0,0 days 00:01:38.805000,MEDIUM,3.0,2.0,17.0,98.805,2024,Las Vegas
COL,Williams,20.0,0 days 00:01:38.316000,MEDIUM,4.0,2.0,17.0,98.316,2024,Las Vegas
COL,Williams,21.0,0 days 00:01:37.978000,MEDIUM,5.0,2.0,17.0,97.978,2024,Las Vegas
COL,Williams,22.0,0 days 00:01:38.175000,MEDIUM,6.0,2.0,17.0,98.175,2024,Las Vegas
COL,Williams,23.0,0 days 00:01:38.095000,MEDIUM,7.0,2.0,17.0,98.095,2024,Las Vegas
COL,Williams,24.0,0 days 00:01:37.947000,MEDIUM,8.0,2.0,17.0,97.947,2024,Las Vegas
COL,Williams,25.0,0 days 00:01:37.866000,MEDIUM,9.0,2.0,16.0,97.866,2024,Las Vegas
COL,Williams,26.0,0 days 00:01:42.724000,MEDIUM,10.0,2.0,15.0,102.724,2024,Las Vegas
COL,Williams,27.0,0 days 00:01:52.302000,HARD,1.0,3.0,18.0,112.302,2024,Las Vegas
COL,Williams,28.0,0 days 00:01:37.959000,HARD,2.0,3.0,18.0,97.959,2024,Las Vegas
COL,Williams,29.0,0 days 00:01:38.333000,HARD,3.0,3.0,17.0,98.333,2024,Las Vegas
COL,Williams,30.0,0 days 00:01:38.219000,HARD,4.0,3.0,17.0,98.219,2024,Las Vegas
COL,Williams,31.0,0 days 00:01:38.367000,HARD,5.0,3.0,17.0,98.367,2024,Las Vegas
COL,Williams,32.0,0 days 00:01:38.901000,HARD,6.0,3.0,16.0,98.901,2024,Las Vegas
COL,Williams,33.0,0 days 00:01:37.890000,HARD,7.0,3.0,16.0,97.89,2024,Las Vegas
COL,Williams,34.0,0 days 00:01:37.419000,HARD,8.0,3.0,16.0,97.419,2024,Las Vegas
COL,Williams,35.0,0 days 00:01:36.981000,HARD,9.0,3.0,15.0,96.981,2024,Las Vegas
COL,Williams,36.0,0 days 00:01:37.374000,HARD,10.0,3.0,15.0,97.374,2024,Las Vegas
COL,Williams,37.0,0 days 00:01:36.867000,HARD,11.0,3.0,15.0,96.867,2024,Las Vegas
COL,Williams,38.0,0 days 00:01:38.550000,HARD,12.0,3.0,14.0,98.55,2024,Las Vegas
COL,Williams,39.0,0 days 00:01:37.974000,HARD,13.0,3.0,14.0,97.974,2024,Las Vegas
COL,Williams,40.0,0 days 00:01:38.569000,HARD,14.0,3.0,14.0,98.569,2024,Las Vegas
COL,Williams,41.0,0 days 00:01:38.474000,HARD,15.0,3.0,13.0,98.474,2024,Las Vegas
COL,Williams,42.0,0 days 00:01:37.187000,HARD,16.0,3.0,13.0,97.187,2024,Las Vegas
COL,Williams,43.0,0 days 00:01:36.929000,HARD,17.0,3.0,13.0,96.929,2024,Las Vegas
COL,Williams,44.0,0 days 00:01:37.774000,HARD,18.0,3.0,13.0,97.774,2024,Las Vegas
COL,Williams,45.0,0 days 00:01:38.056000,HARD,19.0,3.0,13.0,98.056,2024,Las Vegas
COL,Williams,46.0,0 days 00:01:38.007000,HARD,20.0,3.0,13.0,98.007,2024,Las Vegas
COL,Williams,47.0,0 days 00:01:37.018000,HARD,21.0,3.0,13.0,97.018,2024,Las Vegas
COL,Williams,48.0,0 days 00:01:37.020000,HARD,22.0,3.0,13.0,97.02,2024,Las Vegas
COL,Williams,49.0,0 days 00:01:37.239000,HARD,23.0,3.0,13.0,97.239,2024,Las Vegas
COL,Williams,50.0,0 days 00:01:39.731000,HARD,24.0,3.0,14.0,99.731,2024,Las Vegas
STR,Aston Martin,1.0,0 days 00:01:53.727000,MEDIUM,2.0,1.0,18.0,113.727,2024,Las Vegas
STR,Aston Martin,2.0,0 days 00:01:42.752000,MEDIUM,3.0,1.0,18.0,102.752,2024,Las Vegas
STR,Aston Martin,3.0,0 days 00:01:40.483000,MEDIUM,4.0,1.0,18.0,100.483,2024,Las Vegas
STR,Aston Martin,4.0,0 days 00:01:40.502000,MEDIUM,5.0,1.0,17.0,100.502,2024,Las Vegas
STR,Aston Martin,5.0,0 days 00:01:39.447000,MEDIUM,6.0,1.0,17.0,99.447,2024,Las Vegas
STR,Aston Martin,6.0,0 days 00:01:39.006000,MEDIUM,7.0,1.0,17.0,99.006,2024,Las Vegas
STR,Aston Martin,7.0,0 days 00:01:39.302000,MEDIUM,8.0,1.0,17.0,99.302,2024,Las Vegas
STR,Aston Martin,8.0,0 days 00:01:40.168000,MEDIUM,9.0,1.0,17.0,100.168,2024,Las Vegas
STR,Aston Martin,9.0,0 days 00:01:45.282000,MEDIUM,10.0,1.0,19.0,105.282,2024,Las Vegas
STR,Aston Martin,10.0,0 days 00:02:09.226000,HARD,2.0,2.0,20.0,129.226,2024,Las Vegas
STR,Aston Martin,11.0,0 days 00:01:38.691000,HARD,3.0,2.0,20.0,98.691,2024,Las Vegas
STR,Aston Martin,12.0,0 days 00:01:39.976000,HARD,4.0,2.0,20.0,99.976,2024,Las Vegas
STR,Aston Martin,13.0,0 days 00:01:39.890000,HARD,5.0,2.0,20.0,99.89,2024,Las Vegas
STR,Aston Martin,14.0,0 days 00:01:39.287000,HARD,6.0,2.0,20.0,99.287,2024,Las Vegas
STR,Aston Martin,15.0,0 days 00:01:38.708000,HARD,7.0,2.0,20.0,98.708,2024,Las Vegas
STR,Aston Martin,16.0,0 days 00:01:39.039000,HARD,8.0,2.0,19.0,99.039,2024,Las Vegas
STR,Aston Martin,17.0,0 days 00:01:38.598000,HARD,9.0,2.0,18.0,98.598,2024,Las Vegas
STR,Aston Martin,18.0,0 days 00:01:38.688000,HARD,10.0,2.0,16.0,98.688,2024,Las Vegas
STR,Aston Martin,19.0,0 days 00:01:38.562000,HARD,11.0,2.0,16.0,98.562,2024,Las Vegas
STR,Aston Martin,20.0,0 days 00:01:38.424000,HARD,12.0,2.0,16.0,98.424,2024,Las Vegas
STR,Aston Martin,21.0,0 days 00:01:38.452000,HARD,13.0,2.0,16.0,98.452,2024,Las Vegas
STR,Aston Martin,22.0,0 days 00:01:38.545000,HARD,14.0,2.0,16.0,98.545,2024,Las Vegas
STR,Aston Martin,23.0,0 days 00:01:38.614000,HARD,15.0,2.0,16.0,98.614,2024,Las Vegas
STR,Aston Martin,24.0,0 days 00:01:38.531000,HARD,16.0,2.0,16.0,98.531,2024,Las Vegas
STR,Aston Martin,25.0,0 days 00:01:39.488000,HARD,17.0,2.0,15.0,99.488,2024,Las Vegas
STR,Aston Martin,26.0,0 days 00:01:39.384000,HARD,18.0,2.0,13.0,99.384,2024,Las Vegas
STR,Aston Martin,27.0,0 days 00:01:39.778000,HARD,19.0,2.0,13.0,99.778,2024,Las Vegas
STR,Aston Martin,28.0,0 days 00:01:46.525000,HARD,20.0,2.0,14.0,106.525,2024,Las Vegas
STR,Aston Martin,29.0,0 days 00:01:55.150000,HARD,2.0,3.0,18.0,115.15,2024,Las Vegas
STR,Aston Martin,30.0,0 days 00:01:38.748000,HARD,3.0,3.0,18.0,98.748,2024,Las Vegas
STR,Aston Martin,31.0,0 days 00:01:38.352000,HARD,4.0,3.0,18.0,98.352,2024,Las Vegas
STR,Aston Martin,32.0,0 days 00:01:37.893000,HARD,5.0,3.0,18.0,97.893,2024,Las Vegas
STR,Aston Martin,33.0,0 days 00:01:37.918000,HARD,6.0,3.0,18.0,97.918,2024,Las Vegas
STR,Aston Martin,34.0,0 days 00:01:37.828000,HARD,7.0,3.0,18.0,97.828,2024,Las Vegas
STR,Aston Martin,35.0,0 days 00:01:39.434000,HARD,8.0,3.0,17.0,99.434,2024,Las Vegas
STR,Aston Martin,36.0,0 days 00:01:38.606000,HARD,9.0,3.0,17.0,98.606,2024,Las Vegas
STR,Aston Martin,37.0,0 days 00:01:37.702000,HARD,10.0,3.0,17.0,97.702,2024,Las Vegas
STR,Aston Martin,38.0,0 days 00:01:37.955000,HARD,11.0,3.0,17.0,97.955,2024,Las Vegas
STR,Aston Martin,39.0,0 days 00:01:38.027000,HARD,12.0,3.0,16.0,98.027,2024,Las Vegas
STR,Aston Martin,40.0,0 days 00:01:37.473000,HARD,13.0,3.0,16.0,97.473,2024,Las Vegas
STR,Aston Martin,41.0,0 days 00:01:37.470000,HARD,14.0,3.0,16.0,97.47,2024,Las Vegas
STR,Aston Martin,42.0,0 days 00:01:37.370000,HARD,15.0,3.0,16.0,97.37,2024,Las Vegas
STR,Aston Martin,43.0,0 days 00:01:37.179000,HARD,16.0,3.0,16.0,97.179,2024,Las Vegas
STR,Aston Martin,44.0,0 days 00:01:38.920000,HARD,17.0,3.0,16.0,98.92,2024,Las Vegas
STR,Aston Martin,45.0,0 days 00:01:37.641000,HARD,18.0,3.0,15.0,97.641,2024,Las Vegas
STR,Aston Martin,46.0,0 days 00:01:37.313000,HARD,19.0,3.0,15.0,97.313,2024,Las Vegas
STR,Aston Martin,47.0,0 days 00:01:37.239000,HARD,20.0,3.0,15.0,97.239,2024,Las Vegas
STR,Aston Martin,48.0,0 days 00:01:37.388000,HARD,21.0,3.0,15.0,97.388,2024,Las Vegas
STR,Aston Martin,49.0,0 days 00:01:37.451000,HARD,22.0,3.0,15.0,97.451,2024,Las Vegas
STR,Aston Martin,50.0,0 days 00:01:37.939000,HARD,23.0,3.0,15.0,97.939,2024,Las Vegas
LAW,RB,1.0,0 days 00:01:52.392000,MEDIUM,1.0,1.0,13.0,112.392,2024,Las Vegas
LAW,RB,2.0,0 days 00:01:40.447000,MEDIUM,2.0,1.0,13.0,100.447,2024,Las Vegas
LAW,RB,3.0,0 days 00:01:39.729000,MEDIUM,3.0,1.0,13.0,99.729,2024,Las Vegas
LAW,RB,4.0,0 days 00:01:39.839000,MEDIUM,4.0,1.0,13.0,99.839,2024,Las Vegas
LAW,RB,5.0,0 days 00:01:39.698000,MEDIUM,5.0,1.0,13.0,99.698,2024,Las Vegas
LAW,RB,6.0,0 days 00:01:39.710000,MEDIUM,6.0,1.0,13.0,99.71,2024,Las Vegas
LAW,RB,7.0,0 days 00:01:39.404000,MEDIUM,7.0,1.0,13.0,99.404,2024,Las Vegas
LAW,RB,8.0,0 days 00:01:40.095000,MEDIUM,8.0,1.0,13.0,100.095,2024,Las Vegas
LAW,RB,9.0,0 days 00:01:41.469000,MEDIUM,9.0,1.0,14.0,101.469,2024,Las Vegas
LAW,RB,10.0,0 days 00:01:40.967000,MEDIUM,10.0,1.0,12.0,100.967,2024,Las Vegas
LAW,RB,11.0,0 days 00:01:46.707000,MEDIUM,11.0,1.0,13.0,106.707,2024,Las Vegas
LAW,RB,12.0,0 days 00:01:57.446000,HARD,2.0,2.0,19.0,117.446,2024,Las Vegas
LAW,RB,13.0,0 days 00:01:40.237000,HARD,3.0,2.0,18.0,100.237,2024,Las Vegas
LAW,RB,14.0,0 days 00:01:39.219000,HARD,4.0,2.0,18.0,99.219,2024,Las Vegas
LAW,RB,15.0,0 days 00:01:38.988000,HARD,5.0,2.0,17.0,98.988,2024,Las Vegas
LAW,RB,16.0,0 days 00:01:38.939000,HARD,6.0,2.0,17.0,98.939,2024,Las Vegas
LAW,RB,17.0,0 days 00:01:39.249000,HARD,7.0,2.0,15.0,99.249,2024,Las Vegas
LAW,RB,18.0,0 days 00:01:39.416000,HARD,8.0,2.0,13.0,99.416,2024,Las Vegas
LAW,RB,19.0,0 days 00:01:39.226000,HARD,9.0,2.0,13.0,99.226,2024,Las Vegas
LAW,RB,20.0,0 days 00:01:39.385000,HARD,10.0,2.0,13.0,99.385,2024,Las Vegas
LAW,RB,21.0,0 days 00:01:39.297000,HARD,11.0,2.0,13.0,99.297,2024,Las Vegas
LAW,RB,22.0,0 days 00:01:39.694000,HARD,12.0,2.0,13.0,99.694,2024,Las Vegas
LAW,RB,23.0,0 days 00:01:39.040000,HARD,13.0,2.0,13.0,99.04,2024,Las Vegas
LAW,RB,24.0,0 days 00:01:39.658000,HARD,14.0,2.0,13.0,99.658,2024,Las Vegas
LAW,RB,25.0,0 days 00:01:39.676000,HARD,15.0,2.0,12.0,99.676,2024,Las Vegas
LAW,RB,26.0,0 days 00:01:38.737000,HARD,16.0,2.0,11.0,98.737,2024,Las Vegas
LAW,RB,27.0,0 days 00:01:39.980000,HARD,17.0,2.0,11.0,99.98,2024,Las Vegas
LAW,RB,28.0,0 days 00:01:40.637000,HARD,18.0,2.0,12.0,100.637,2024,Las Vegas
LAW,RB,29.0,0 days 00:01:38.861000,HARD,19.0,2.0,12.0,98.861,2024,Las Vegas
LAW,RB,30.0,0 days 00:01:39.243000,HARD,20.0,2.0,12.0,99.243,2024,Las Vegas
LAW,RB,31.0,0 days 00:01:39.853000,HARD,21.0,2.0,12.0,99.853,2024,Las Vegas
LAW,RB,32.0,0 days 00:01:39.134000,HARD,22.0,2.0,12.0,99.134,2024,Las Vegas
LAW,RB,33.0,0 days 00:01:39.583000,HARD,23.0,2.0,11.0,99.583,2024,Las Vegas
LAW,RB,34.0,0 days 00:01:40.525000,HARD,24.0,2.0,10.0,100.525,2024,Las Vegas
LAW,RB,35.0,0 days 00:01:39.045000,HARD,25.0,2.0,10.0,99.045,2024,Las Vegas
LAW,RB,36.0,0 days 00:01:40.531000,HARD,26.0,2.0,12.0,100.531,2024,Las Vegas
LAW,RB,37.0,0 days 00:01:40.720000,HARD,27.0,2.0,13.0,100.72,2024,Las Vegas
LAW,RB,38.0,0 days 00:01:45.262000,HARD,28.0,2.0,15.0,105.262,2024,Las Vegas
LAW,RB,39.0,0 days 00:01:54.487000,HARD,2.0,3.0,17.0,114.487,2024,Las Vegas
LAW,RB,40.0,0 days 00:01:38.166000,HARD,3.0,3.0,17.0,98.166,2024,Las Vegas
LAW,RB,41.0,0 days 00:01:37.463000,HARD,4.0,3.0,17.0,97.463,2024,Las Vegas
LAW,RB,42.0,0 days 00:01:37.318000,HARD,5.0,3.0,17.0,97.318,2024,Las Vegas
LAW,RB,43.0,0 days 00:01:37.195000,HARD,6.0,3.0,17.0,97.195,2024,Las Vegas
LAW,RB,44.0,0 days 00:01:37.102000,HARD,7.0,3.0,17.0,97.102,2024,Las Vegas
LAW,RB,45.0,0 days 00:01:36.980000,HARD,8.0,3.0,17.0,96.98,2024,Las Vegas
LAW,RB,46.0,0 days 00:01:37.106000,HARD,9.0,3.0,16.0,97.106,2024,Las Vegas
LAW,RB,47.0,0 days 00:01:37.288000,HARD,10.0,3.0,16.0,97.288,2024,Las Vegas
LAW,RB,48.0,0 days 00:01:37.033000,HARD,11.0,3.0,16.0,97.033,2024,Las Vegas
LAW,RB,49.0,0 days 00:01:37.279000,HARD,12.0,3.0,16.0,97.279,2024,Las Vegas
LAW,RB,50.0,0 days 00:01:37.519000,HARD,13.0,3.0,16.0,97.519,2024,Las Vegas
OCO,Alpine,1.0,0 days 00:01:50.001000,MEDIUM,1.0,1.0,11.0,110.001,2024,Las Vegas
OCO,Alpine,2.0,0 days 00:01:40.137000,MEDIUM,2.0,1.0,11.0,100.137,2024,Las Vegas
OCO,Alpine,3.0,0 days 00:01:39.585000,MEDIUM,3.0,1.0,11.0,99.585,2024,Las Vegas
OCO,Alpine,4.0,0 days 00:01:39.367000,MEDIUM,4.0,1.0,11.0,99.367,2024,Las Vegas
OCO,Alpine,5.0,0 days 00:01:39.388000,MEDIUM,5.0,1.0,11.0,99.388,2024,Las Vegas
OCO,Alpine,6.0,0 days 00:01:39.597000,MEDIUM,6.0,1.0,11.0,99.597,2024,Las Vegas
OCO,Alpine,7.0,0 days 00:01:39.898000,MEDIUM,7.0,1.0,11.0,99.898,2024,Las Vegas
OCO,Alpine,8.0,0 days 00:01:40.498000,MEDIUM,8.0,1.0,11.0,100.498,2024,Las Vegas
OCO,Alpine,9.0,0 days 00:01:40.852000,MEDIUM,9.0,1.0,11.0,100.852,2024,Las Vegas
OCO,Alpine,10.0,0 days 00:01:41.095000,MEDIUM,10.0,1.0,6.0,101.095,2024,Las Vegas
OCO,Alpine,11.0,0 days 00:01:45.832000,MEDIUM,11.0,1.0,6.0,105.832,2024,Las Vegas
OCO,Alpine,12.0,0 days 00:01:54.887000,MEDIUM,12.0,2.0,15.0,114.887,2024,Las Vegas
OCO,Alpine,13.0,0 days 00:01:56.030000,HARD,1.0,3.0,19.0,116.03,2024,Las Vegas
OCO,Alpine,14.0,0 days 00:01:38.931000,HARD,2.0,3.0,19.0,98.931,2024,Las Vegas
OCO,Alpine,15.0,0 days 00:01:38.645000,HARD,3.0,3.0,19.0,98.645,2024,Las Vegas
OCO,Alpine,16.0,0 days 00:01:38.955000,HARD,4.0,3.0,18.0,98.955,2024,Las Vegas
OCO,Alpine,17.0,0 days 00:01:38.871000,HARD,5.0,3.0,17.0,98.871,2024,Las Vegas
OCO,Alpine,18.0,0 days 00:01:38.766000,HARD,6.0,3.0,15.0,98.766,2024,Las Vegas
OCO,Alpine,19.0,0 days 00:01:38.629000,HARD,7.0,3.0,15.0,98.629,2024,Las Vegas
OCO,Alpine,20.0,0 days 00:01:38.495000,HARD,8.0,3.0,15.0,98.495,2024,Las Vegas
OCO,Alpine,21.0,0 days 00:01:38.306000,HARD,9.0,3.0,15.0,98.306,2024,Las Vegas
OCO,Alpine,22.0,0 days 00:01:38.673000,HARD,10.0,3.0,15.0,98.673,2024,Las Vegas
OCO,Alpine,23.0,0 days 00:01:38.435000,HARD,11.0,3.0,15.0,98.435,2024,Las Vegas
OCO,Alpine,24.0,0 days 00:01:38.207000,HARD,12.0,3.0,14.0,98.207,2024,Las Vegas
OCO,Alpine,25.0,0 days 00:01:38.825000,HARD,13.0,3.0,13.0,98.825,2024,Las Vegas
OCO,Alpine,26.0,0 days 00:01:38.271000,HARD,14.0,3.0,12.0,98.271,2024,Las Vegas
OCO,Alpine,27.0,0 days 00:01:39.589000,HARD,15.0,3.0,12.0,99.589,2024,Las Vegas
OCO,Alpine,28.0,0 days 00:01:39.635000,HARD,16.0,3.0,11.0,99.635,2024,Las Vegas
OCO,Alpine,29.0,0 days 00:01:38.900000,HARD,17.0,3.0,11.0,98.9,2024,Las Vegas
OCO,Alpine,30.0,0 days 00:01:39.029000,HARD,18.0,3.0,10.0,99.029,2024,Las Vegas
OCO,Alpine,31.0,0 days 00:01:40.267000,HARD,19.0,3.0,11.0,100.267,2024,Las Vegas
OCO,Alpine,32.0,0 days 00:01:39.182000,HARD,20.0,3.0,11.0,99.182,2024,Las Vegas
OCO,Alpine,33.0,0 days 00:01:39.436000,HARD,21.0,3.0,10.0,99.436,2024,Las Vegas
OCO,Alpine,34.0,0 days 00:01:39.238000,HARD,22.0,3.0,8.0,99.238,2024,Las Vegas
OCO,Alpine,35.0,0 days 00:01:39.640000,HARD,23.0,3.0,9.0,99.64,2024,Las Vegas
OCO,Alpine,36.0,0 days 00:01:40.334000,HARD,24.0,3.0,10.0,100.334,2024,Las Vegas
OCO,Alpine,37.0,0 days 00:01:39.508000,HARD,25.0,3.0,11.0,99.508,2024,Las Vegas
OCO,Alpine,38.0,0 days 00:01:39.605000,HARD,26.0,3.0,11.0,99.605,2024,Las Vegas
OCO,Alpine,39.0,0 days 00:01:39.576000,HARD,27.0,3.0,12.0,99.576,2024,Las Vegas
OCO,Alpine,40.0,0 days 00:01:39.823000,HARD,28.0,3.0,13.0,99.823,2024,Las Vegas
OCO,Alpine,41.0,0 days 00:01:39.919000,HARD,29.0,3.0,14.0,99.919,2024,Las Vegas
OCO,Alpine,42.0,0 days 00:01:38.799000,HARD,30.0,3.0,14.0,98.799,2024,Las Vegas
OCO,Alpine,43.0,0 days 00:01:38.783000,HARD,31.0,3.0,14.0,98.783,2024,Las Vegas
OCO,Alpine,44.0,0 days 00:01:38.928000,HARD,32.0,3.0,15.0,98.928,2024,Las Vegas
OCO,Alpine,45.0,0 days 00:01:43.454000,HARD,33.0,3.0,16.0,103.454,2024,Las Vegas
OCO,Alpine,46.0,0 days 00:01:54.485000,SOFT,1.0,4.0,17.0,114.485,2024,Las Vegas
OCO,Alpine,47.0,0 days 00:01:36.511000,SOFT,2.0,4.0,17.0,96.511,2024,Las Vegas
OCO,Alpine,48.0,0 days 00:01:36.649000,SOFT,3.0,4.0,17.0,96.649,2024,Las Vegas
OCO,Alpine,49.0,0 days 00:01:37.563000,SOFT,4.0,4.0,17.0,97.563,2024,Las Vegas
BOT,Kick Sauber,1.0,0 days 00:01:54.609000,HARD,1.0,1.0,19.0,114.609,2024,Las Vegas
BOT,Kick Sauber,2.0,0 days 00:01:42.556000,HARD,2.0,1.0,19.0,102.556,2024,Las Vegas
BOT,Kick Sauber,3.0,0 days 00:01:40.669000,HARD,3.0,1.0,19.0,100.669,2024,Las Vegas
BOT,Kick Sauber,4.0,0 days 00:01:40.459000,HARD,4.0,1.0,18.0,100.459,2024,Las Vegas
BOT,Kick Sauber,5.0,0 days 00:01:39.498000,HARD,5.0,1.0,18.0,99.498,2024,Las Vegas
BOT,Kick Sauber,6.0,0 days 00:01:39.750000,HARD,6.0,1.0,18.0,99.75,2024,Las Vegas
BOT,Kick Sauber,7.0,0 days 00:01:39.581000,HARD,7.0,1.0,18.0,99.581,2024,Las Vegas
BOT,Kick Sauber,8.0,0 days 00:01:39.930000,HARD,8.0,1.0,18.0,99.93,2024,Las Vegas
BOT,Kick Sauber,9.0,0 days 00:01:39.566000,HARD,9.0,1.0,16.0,99.566,2024,Las Vegas
BOT,Kick Sauber,10.0,0 days 00:01:39.756000,HARD,10.0,1.0,14.0,99.756,2024,Las Vegas
BOT,Kick Sauber,11.0,0 days 00:01:40.916000,HARD,11.0,1.0,8.0,100.916,2024,Las Vegas
BOT,Kick Sauber,12.0,0 days 00:01:41.845000,HARD,12.0,1.0,7.0,101.845,2024,Las Vegas
BOT,Kick Sauber,13.0,0 days 00:01:42.690000,HARD,13.0,1.0,10.0,102.69,2024,Las Vegas
BOT,Kick Sauber,14.0,0 days 00:01:42.256000,HARD,14.0,1.0,10.0,102.256,2024,Las Vegas
BOT,Kick Sauber,15.0,0 days 00:01:42.233000,HARD,15.0,1.0,10.0,102.233,2024,Las Vegas
BOT,Kick Sauber,16.0,0 days 00:01:43.358000,HARD,16.0,1.0,11.0,103.358,2024,Las Vegas
BOT,Kick Sauber,17.0,0 days 00:01:47.928000,HARD,17.0,1.0,16.0,107.928,2024,Las Vegas
BOT,Kick Sauber,18.0,0 days 00:01:55.486000,MEDIUM,1.0,2.0,19.0,115.486,2024,Las Vegas
BOT,Kick Sauber,19.0,0 days 00:01:39.697000,MEDIUM,2.0,2.0,19.0,99.697,2024,Las Vegas
BOT,Kick Sauber,20.0,0 days 00:01:39.349000,MEDIUM,3.0,2.0,19.0,99.349,2024,Las Vegas
BOT,Kick Sauber,21.0,0 days 00:01:39.342000,MEDIUM,4.0,2.0,19.0,99.342,2024,Las Vegas
BOT,Kick Sauber,22.0,0 days 00:01:39.177000,MEDIUM,5.0,2.0,19.0,99.177,2024,Las Vegas
BOT,Kick Sauber,23.0,0 days 00:01:39.193000,MEDIUM,6.0,2.0,19.0,99.193,2024,Las Vegas
BOT,Kick Sauber,24.0,0 days 00:01:38.631000,MEDIUM,7.0,2.0,19.0,98.631,2024,Las Vegas
BOT,Kick Sauber,25.0,0 days 00:01:39.697000,MEDIUM,8.0,2.0,19.0,99.697,2024,Las Vegas
BOT,Kick Sauber,26.0,0 days 00:01:38.693000,MEDIUM,9.0,2.0,18.0,98.693,2024,Las Vegas
BOT,Kick Sauber,27.0,0 days 00:01:38.676000,MEDIUM,10.0,2.0,17.0,98.676,2024,Las Vegas
BOT,Kick Sauber,28.0,0 days 00:01:38.594000,MEDIUM,11.0,2.0,17.0,98.594,2024,Las Vegas
BOT,Kick Sauber,29.0,0 days 00:01:38.756000,MEDIUM,12.0,2.0,16.0,98.756,2024,Las Vegas
BOT,Kick Sauber,30.0,0 days 00:01:39.452000,MEDIUM,13.0,2.0,16.0,99.452,2024,Las Vegas
BOT,Kick Sauber,31.0,0 days 00:01:40.085000,MEDIUM,14.0,2.0,16.0,100.085,2024,Las Vegas
BOT,Kick Sauber,32.0,0 days 00:01:40.589000,MEDIUM,15.0,2.0,17.0,100.589,2024,Las Vegas
BOT,Kick Sauber,33.0,0 days 00:01:40.195000,MEDIUM,16.0,2.0,17.0,100.195,2024,Las Vegas
BOT,Kick Sauber,34.0,0 days 00:01:40.828000,MEDIUM,17.0,2.0,17.0,100.828,2024,Las Vegas
BOT,Kick Sauber,35.0,0 days 00:01:47.595000,MEDIUM,18.0,2.0,18.0,107.595,2024,Las Vegas
BOT,Kick Sauber,36.0,0 days 00:01:57.069000,HARD,1.0,3.0,18.0,117.069,2024,Las Vegas
BOT,Kick Sauber,37.0,0 days 00:01:37.506000,HARD,2.0,3.0,18.0,97.506,2024,Las Vegas
BOT,Kick Sauber,38.0,0 days 00:01:37.092000,HARD,3.0,3.0,18.0,97.092,2024,Las Vegas
BOT,Kick Sauber,39.0,0 days 00:01:36.890000,HARD,4.0,3.0,18.0,96.89,2024,Las Vegas
BOT,Kick Sauber,40.0,0 days 00:01:39.608000,HARD,5.0,3.0,18.0,99.608,2024,Las Vegas
BOT,Kick Sauber,41.0,0 days 00:01:38.300000,HARD,6.0,3.0,18.0,98.3,2024,Las Vegas
BOT,Kick Sauber,42.0,0 days 00:01:38.341000,HARD,7.0,3.0,18.0,98.341,2024,Las Vegas
BOT,Kick Sauber,43.0,0 days 00:01:37.062000,HARD,8.0,3.0,18.0,97.062,2024,Las Vegas
BOT,Kick Sauber,44.0,0 days 00:01:36.621000,HARD,9.0,3.0,18.0,96.621,2024,Las Vegas
BOT,Kick Sauber,45.0,0 days 00:01:36.762000,HARD,10.0,3.0,18.0,96.762,2024,Las Vegas
BOT,Kick Sauber,46.0,0 days 00:01:36.601000,HARD,11.0,3.0,18.0,96.601,2024,Las Vegas
BOT,Kick Sauber,47.0,0 days 00:01:36.728000,HARD,12.0,3.0,18.0,96.728,2024,Las Vegas
BOT,Kick Sauber,48.0,0 days 00:01:38.301000,HARD,13.0,3.0,18.0,98.301,2024,Las Vegas
BOT,Kick Sauber,49.0,0 days 00:01:38.738000,HARD,14.0,3.0,18.0,98.738,2024,Las Vegas
ALB,Williams,1.0,0 days 00:01:53.147000,MEDIUM,1.0,1.0,16.0,113.147,2024,Las Vegas
ALB,Williams,2.0,0 days 00:01:42.776000,MEDIUM,2.0,1.0,17.0,102.776,2024,Las Vegas
ALB,Williams,3.0,0 days 00:01:40.535000,MEDIUM,3.0,1.0,17.0,100.535,2024,Las Vegas
ALB,Williams,4.0,0 days 00:01:40.351000,MEDIUM,4.0,1.0,16.0,100.351,2024,Las Vegas
ALB,Williams,5.0,0 days 00:01:39.537000,MEDIUM,5.0,1.0,16.0,99.537,2024,Las Vegas
ALB,Williams,6.0,0 days 00:01:38.803000,MEDIUM,6.0,1.0,16.0,98.803,2024,Las Vegas
ALB,Williams,7.0,0 days 00:01:39.597000,MEDIUM,7.0,1.0,16.0,99.597,2024,Las Vegas
ALB,Williams,8.0,0 days 00:01:39.714000,MEDIUM,8.0,1.0,16.0,99.714,2024,Las Vegas
ALB,Williams,9.0,0 days 00:01:44.883000,MEDIUM,9.0,1.0,18.0,104.883,2024,Las Vegas
ALB,Williams,10.0,0 days 00:01:56.773000,HARD,1.0,2.0,19.0,116.773,2024,Las Vegas
ALB,Williams,11.0,0 days 00:01:39.066000,HARD,2.0,2.0,19.0,99.066,2024,Las Vegas
ALB,Williams,12.0,0 days 00:01:39.211000,HARD,3.0,2.0,17.0,99.211,2024,Las Vegas
ALB,Williams,13.0,0 days 00:01:38.600000,HARD,4.0,2.0,16.0,98.6,2024,Las Vegas
ALB,Williams,14.0,0 days 00:01:38.768000,HARD,5.0,2.0,16.0,98.768,2024,Las Vegas
ALB,Williams,15.0,0 days 00:01:38.866000,HARD,6.0,2.0,14.0,98.866,2024,Las Vegas
ALB,Williams,16.0,0 days 00:01:39.506000,HARD,7.0,2.0,13.0,99.506,2024,Las Vegas
ALB,Williams,17.0,0 days 00:01:40.510000,HARD,8.0,2.0,11.0,100.51,2024,Las Vegas
ALB,Williams,18.0,0 days 00:01:38.525000,HARD,9.0,2.0,9.0,98.525,2024,Las Vegas
ALB,Williams,19.0,0 days 00:01:38.660000,HARD,10.0,2.0,9.0,98.66,2024,Las Vegas
ALB,Williams,20.0,0 days 00:01:38.046000,HARD,11.0,2.0,9.0,98.046,2024,Las Vegas
ALB,Williams,21.0,0 days 00:01:38.008000,HARD,12.0,2.0,9.0,98.008,2024,Las Vegas
ALB,Williams,22.0,0 days 00:01:39.147000,HARD,13.0,2.0,10.0,99.147,2024,Las Vegas
ALB,Williams,23.0,0 days 00:01:39.713000,HARD,14.0,2.0,10.0,99.713,2024,Las Vegas
ALB,Williams,24.0,0 days 00:01:40.174000,HARD,15.0,2.0,10.0,100.174,2024,Las Vegas
ALB,Williams,25.0,0 days 00:01:49.105000,HARD,16.0,2.0,14.0,109.105,2024,Las Vegas
GAS,Alpine,1.0,0 days 00:01:45.330000,MEDIUM,1.0,1.0,4.0,105.33,2024,Las Vegas
GAS,Alpine,2.0,0 days 00:01:39.956000,MEDIUM,2.0,1.0,4.0,99.956,2024,Las Vegas
GAS,Alpine,3.0,0 days 00:01:39.234000,MEDIUM,3.0,1.0,4.0,99.234,2024,Las Vegas
GAS,Alpine,4.0,0 days 00:01:39.635000,MEDIUM,4.0,1.0,5.0,99.635,2024,Las Vegas
GAS,Alpine,5.0,0 days 00:01:39.240000,MEDIUM,5.0,1.0,5.0,99.24,2024,Las Vegas
GAS,Alpine,6.0,0 days 00:01:39.408000,MEDIUM,6.0,1.0,5.0,99.408,2024,Las Vegas
GAS,Alpine,7.0,0 days 00:01:39.668000,MEDIUM,7.0,1.0,5.0,99.668,2024,Las Vegas
GAS,Alpine,8.0,0 days 00:01:41.258000,MEDIUM,8.0,1.0,6.0,101.258,2024,Las Vegas
GAS,Alpine,9.0,0 days 00:01:41.862000,MEDIUM,9.0,1.0,4.0,101.862,2024,Las Vegas
GAS,Alpine,10.0,0 days 00:01:46.263000,MEDIUM,10.0,1.0,9.0,106.263,2024,Las Vegas
GAS,Alpine,11.0,0 days 00:01:56.714000,HARD,1.0,2.0,16.0,116.714,2024,Las Vegas
GAS,Alpine,12.0,0 days 00:01:38.621000,HARD,2.0,2.0,13.0,98.621,2024,Las Vegas
GAS,Alpine,13.0,0 days 00:01:38.314000,HARD,3.0,2.0,13.0,98.314,2024,Las Vegas
GAS,Alpine,14.0,0 days 00:01:40.248000,HARD,4.0,2.0,13.0,100.248,2024,Las Vegas
GAS,Alpine,15.0,0 days 00:01:51.222000,HARD,5.0,2.0,18.0,111.222,2024,Las Vegas
