Driver,Team,LapNumber,Compound,TyreLife,Stint,LapTime
LEC,Ferrari,1.0,MEDIUM,1.0,1.0,0 days 00:40:56.330000
LEC,Ferrari,3.0,HARD,2.0,2.0,0 days 00:01:24.624000
LEC,Ferrari,4.0,HARD,3.0,2.0,0 days 00:01:22.625000
LEC,Ferrari,5.0,HARD,4.0,2.0,0 days 00:01:21.795000
LEC,Ferrari,6.0,HARD,5.0,2.0,0 days 00:01:21.145000
LEC,Ferrari,7.0,HARD,6.0,2.0,0 days 00:01:20.980000
LEC,Ferrari,8.0,HARD,7.0,2.0,0 days 00:01:21.030000
LEC,Ferrari,9.0,HARD,8.0,2.0,0 days 00:01:20.114000
LEC,Ferrari,10.0,HARD,9.0,2.0,0 days 00:01:20.775000
LEC,Ferrari,11.0,HARD,10.0,2.0,0 days 00:01:21.046000
LEC,Ferrari,12.0,HARD,11.0,2.0,0 days 00:01:20.252000
LEC,Ferrari,13.0,HARD,12.0,2.0,0 days 00:01:19.017000
LEC,Ferrari,14.0,HARD,13.0,2.0,0 days 00:01:19.913000
LEC,Ferrari,15.0,HARD,14.0,2.0,0 days 00:01:19.838000
LEC,Ferrari,16.0,HARD,15.0,2.0,0 days 00:01:20.156000
LEC,Ferrari,17.0,HARD,16.0,2.0,0 days 00:01:20.279000
LEC,Ferrari,18.0,HARD,17.0,2.0,0 days 00:01:19.580000
LEC,Ferrari,19.0,HARD,18.0,2.0,0 days 00:01:18.842000
LEC,Ferrari,20.0,HARD,19.0,2.0,0 days 00:01:18.724000
LEC,Ferrari,21.0,HARD,20.0,2.0,0 days 00:01:18.472000
LEC,Ferrari,22.0,HARD,21.0,2.0,0 days 00:01:18.620000
LEC,Ferrari,23.0,HARD,22.0,2.0,0 days 00:01:18.458000
LEC,Ferrari,24.0,HARD,23.0,2.0,0 days 00:01:18.725000
LEC,Ferrari,25.0,HARD,24.0,2.0,0 days 00:01:18.973000
LEC,Ferrari,26.0,HARD,25.0,2.0,0 days 00:01:18.445000
LEC,Ferrari,27.0,HARD,26.0,2.0,0 days 00:01:18.351000
LEC,Ferrari,28.0,HARD,27.0,2.0,0 days 00:01:18.710000
LEC,Ferrari,29.0,HARD,28.0,2.0,0 days 00:01:19.053000
LEC,Ferrari,30.0,HARD,29.0,2.0,0 days 00:01:19.935000
LEC,Ferrari,31.0,HARD,30.0,2.0,0 days 00:01:18.393000
LEC,Ferrari,32.0,HARD,31.0,2.0,0 days 00:01:19.125000
LEC,Ferrari,33.0,HARD,32.0,2.0,0 days 00:01:18.494000
LEC,Ferrari,34.0,HARD,33.0,2.0,0 days 00:01:19.319000
LEC,Ferrari,35.0,HARD,34.0,2.0,0 days 00:01:18.530000
LEC,Ferrari,36.0,HARD,35.0,2.0,0 days 00:01:18.689000
LEC,Ferrari,37.0,HARD,36.0,2.0,0 days 00:01:18.925000
LEC,Ferrari,38.0,HARD,37.0,2.0,0 days 00:01:18.528000
LEC,Ferrari,39.0,HARD,38.0,2.0,0 days 00:01:18.181000
LEC,Ferrari,40.0,HARD,39.0,2.0,0 days 00:01:18.733000
LEC,Ferrari,41.0,HARD,40.0,2.0,0 days 00:01:18.694000
LEC,Ferrari,42.0,HARD,41.0,2.0,0 days 00:01:19.277000
LEC,Ferrari,43.0,HARD,42.0,2.0,0 days 00:01:17.865000
LEC,Ferrari,44.0,HARD,43.0,2.0,0 days 00:01:18.276000
LEC,Ferrari,45.0,HARD,44.0,2.0,0 days 00:01:18.541000
LEC,Ferrari,46.0,HARD,45.0,2.0,0 days 00:01:18.567000
LEC,Ferrari,47.0,HARD,46.0,2.0,0 days 00:01:19.185000
LEC,Ferrari,48.0,HARD,47.0,2.0,0 days 00:01:17.941000
LEC,Ferrari,49.0,HARD,48.0,2.0,0 days 00:01:18.506000
LEC,Ferrari,50.0,HARD,49.0,2.0,0 days 00:01:18.185000
LEC,Ferrari,51.0,HARD,50.0,2.0,0 days 00:01:17.790000
LEC,Ferrari,52.0,HARD,51.0,2.0,0 days 00:01:18.311000
LEC,Ferrari,53.0,HARD,52.0,2.0,0 days 00:01:17.748000
LEC,Ferrari,54.0,HARD,53.0,2.0,0 days 00:01:17.357000
LEC,Ferrari,55.0,HARD,54.0,2.0,0 days 00:01:17.444000
LEC,Ferrari,56.0,HARD,55.0,2.0,0 days 00:01:17.266000
LEC,Ferrari,57.0,HARD,56.0,2.0,0 days 00:01:17.640000
LEC,Ferrari,58.0,HARD,57.0,2.0,0 days 00:01:17.028000
LEC,Ferrari,59.0,HARD,58.0,2.0,0 days 00:01:17.034000
LEC,Ferrari,60.0,HARD,59.0,2.0,0 days 00:01:16.414000
LEC,Ferrari,61.0,HARD,60.0,2.0,0 days 00:01:16.863000
LEC,Ferrari,62.0,HARD,61.0,2.0,0 days 00:01:17.454000
LEC,Ferrari,63.0,HARD,62.0,2.0,0 days 00:01:16.971000
LEC,Ferrari,64.0,HARD,63.0,2.0,0 days 00:01:16.560000
LEC,Ferrari,65.0,HARD,64.0,2.0,0 days 00:01:16.607000
LEC,Ferrari,66.0,HARD,65.0,2.0,0 days 00:01:16.489000
LEC,Ferrari,67.0,HARD,66.0,2.0,0 days 00:01:15.941000
LEC,Ferrari,68.0,HARD,67.0,2.0,0 days 00:01:16.082000
LEC,Ferrari,69.0,HARD,68.0,2.0,0 days 00:01:16.373000
LEC,Ferrari,70.0,HARD,69.0,2.0,0 days 00:01:15.767000
LEC,Ferrari,71.0,HARD,70.0,2.0,0 days 00:01:15.162000
LEC,Ferrari,72.0,HARD,71.0,2.0,0 days 00:01:15.547000
LEC,Ferrari,73.0,HARD,72.0,2.0,0 days 00:01:16.219000
LEC,Ferrari,74.0,HARD,73.0,2.0,0 days 00:01:16.105000
LEC,Ferrari,75.0,HARD,74.0,2.0,0 days 00:01:16.387000
LEC,Ferrari,76.0,HARD,75.0,2.0,0 days 00:01:16.808000
LEC,Ferrari,77.0,HARD,76.0,2.0,0 days 00:01:16.933000
LEC,Ferrari,78.0,HARD,77.0,2.0,0 days 00:01:18.636000
PIA,McLaren,1.0,MEDIUM,2.0,1.0,0 days 00:40:58.744000
PIA,McLaren,3.0,HARD,3.0,2.0,0 days 00:01:24.953000
PIA,McLaren,4.0,HARD,4.0,2.0,0 days 00:01:22.314000
PIA,McLaren,5.0,HARD,5.0,2.0,0 days 00:01:22.019000
PIA,McLaren,6.0,HARD,6.0,2.0,0 days 00:01:21.354000
PIA,McLaren,7.0,HARD,7.0,2.0,0 days 00:01:20.808000
PIA,McLaren,8.0,HARD,8.0,2.0,0 days 00:01:21.058000
PIA,McLaren,9.0,HARD,9.0,2.0,0 days 00:01:19.906000
PIA,McLaren,10.0,HARD,10.0,2.0,0 days 00:01:20.890000
PIA,McLaren,11.0,HARD,11.0,2.0,0 days 00:01:20.898000
PIA,McLaren,12.0,HARD,12.0,2.0,0 days 00:01:20.135000
PIA,McLaren,13.0,HARD,13.0,2.0,0 days 00:01:18.745000
PIA,McLaren,14.0,HARD,14.0,2.0,0 days 00:01:20.014000
PIA,McLaren,15.0,HARD,15.0,2.0,0 days 00:01:20.264000
PIA,McLaren,16.0,HARD,16.0,2.0,0 days 00:01:19.829000
PIA,McLaren,17.0,HARD,17.0,2.0,0 days 00:01:20.028000
PIA,McLaren,18.0,HARD,18.0,2.0,0 days 00:01:19.832000
PIA,McLaren,19.0,HARD,19.0,2.0,0 days 00:01:19.179000
PIA,McLaren,20.0,HARD,20.0,2.0,0 days 00:01:19.055000
PIA,McLaren,21.0,HARD,21.0,2.0,0 days 00:01:18.601000
PIA,McLaren,22.0,HARD,22.0,2.0,0 days 00:01:18.585000
PIA,McLaren,23.0,HARD,23.0,2.0,0 days 00:01:18.658000
PIA,McLaren,24.0,HARD,24.0,2.0,0 days 00:01:18.636000
PIA,McLaren,25.0,HARD,25.0,2.0,0 days 00:01:18.784000
PIA,McLaren,26.0,HARD,26.0,2.0,0 days 00:01:18.440000
PIA,McLaren,27.0,HARD,27.0,2.0,0 days 00:01:18.523000
PIA,McLaren,28.0,HARD,28.0,2.0,0 days 00:01:18.791000
PIA,McLaren,29.0,HARD,29.0,2.0,0 days 00:01:19.010000
PIA,McLaren,30.0,HARD,30.0,2.0,0 days 00:01:19.396000
PIA,McLaren,31.0,HARD,31.0,2.0,0 days 00:01:18.449000
PIA,McLaren,32.0,HARD,32.0,2.0,0 days 00:01:18.969000
PIA,McLaren,33.0,HARD,33.0,2.0,0 days 00:01:19.060000
PIA,McLaren,34.0,HARD,34.0,2.0,0 days 00:01:18.978000
PIA,McLaren,35.0,HARD,35.0,2.0,0 days 00:01:18.605000
PIA,McLaren,36.0,HARD,36.0,2.0,0 days 00:01:18.882000
PIA,McLaren,37.0,HARD,37.0,2.0,0 days 00:01:18.612000
PIA,McLaren,38.0,HARD,38.0,2.0,0 days 00:01:18.731000
PIA,McLaren,39.0,HARD,39.0,2.0,0 days 00:01:18.362000
PIA,McLaren,40.0,HARD,40.0,2.0,0 days 00:01:18.951000
PIA,McLaren,41.0,HARD,41.0,2.0,0 days 00:01:18.846000
PIA,McLaren,42.0,HARD,42.0,2.0,0 days 00:01:19.795000
PIA,McLaren,43.0,HARD,43.0,2.0,0 days 00:01:18.198000
PIA,McLaren,44.0,HARD,44.0,2.0,0 days 00:01:18.277000
PIA,McLaren,45.0,HARD,45.0,2.0,0 days 00:01:18.082000
PIA,McLaren,46.0,HARD,46.0,2.0,0 days 00:01:18.623000
PIA,McLaren,47.0,HARD,47.0,2.0,0 days 00:01:18.399000
PIA,McLaren,48.0,HARD,48.0,2.0,0 days 00:01:18.395000
PIA,McLaren,49.0,HARD,49.0,2.0,0 days 00:01:18.136000
PIA,McLaren,50.0,HARD,50.0,2.0,0 days 00:01:18.350000
PIA,McLaren,51.0,HARD,51.0,2.0,0 days 00:01:17.909000
PIA,McLaren,52.0,HARD,52.0,2.0,0 days 00:01:18.214000
PIA,McLaren,53.0,HARD,53.0,2.0,0 days 00:01:17.609000
PIA,McLaren,54.0,HARD,54.0,2.0,0 days 00:01:17.362000
PIA,McLaren,55.0,HARD,55.0,2.0,0 days 00:01:17.445000
PIA,McLaren,56.0,HARD,56.0,2.0,0 days 00:01:17.456000
PIA,McLaren,57.0,HARD,57.0,2.0,0 days 00:01:17.300000
PIA,McLaren,58.0,HARD,58.0,2.0,0 days 00:01:17.344000
PIA,McLaren,59.0,HARD,59.0,2.0,0 days 00:01:17.042000
PIA,McLaren,60.0,HARD,60.0,2.0,0 days 00:01:16.617000
PIA,McLaren,61.0,HARD,61.0,2.0,0 days 00:01:16.771000
PIA,McLaren,62.0,HARD,62.0,2.0,0 days 00:01:17.095000
PIA,McLaren,63.0,HARD,63.0,2.0,0 days 00:01:16.921000
PIA,McLaren,64.0,HARD,64.0,2.0,0 days 00:01:16.909000
PIA,McLaren,65.0,HARD,65.0,2.0,0 days 00:01:16.391000
PIA,McLaren,66.0,HARD,66.0,2.0,0 days 00:01:16.640000
PIA,McLaren,67.0,HARD,67.0,2.0,0 days 00:01:16.596000
PIA,McLaren,68.0,HARD,68.0,2.0,0 days 00:01:16.601000
PIA,McLaren,69.0,HARD,69.0,2.0,0 days 00:01:17.371000
PIA,McLaren,70.0,HARD,70.0,2.0,0 days 00:01:17.270000
PIA,McLaren,71.0,HARD,71.0,2.0,0 days 00:01:17.184000
PIA,McLaren,72.0,HARD,72.0,2.0,0 days 00:01:16.652000
PIA,McLaren,73.0,HARD,73.0,2.0,0 days 00:01:16.281000
PIA,McLaren,74.0,HARD,74.0,2.0,0 days 00:01:16.356000
PIA,McLaren,75.0,HARD,75.0,2.0,0 days 00:01:16.644000
PIA,McLaren,76.0,HARD,76.0,2.0,0 days 00:01:16.590000
PIA,McLaren,77.0,HARD,77.0,2.0,0 days 00:01:16.734000
PIA,McLaren,78.0,HARD,78.0,2.0,0 days 00:01:17.126000
SAI,Ferrari,1.0,MEDIUM,1.0,1.0,0 days 00:41:02.721000
SAI,Ferrari,3.0,HARD,2.0,2.0,0 days 00:01:25.012000
SAI,Ferrari,4.0,HARD,3.0,2.0,0 days 00:01:22.358000
SAI,Ferrari,5.0,HARD,4.0,2.0,0 days 00:01:21.978000
SAI,Ferrari,6.0,HARD,5.0,2.0,0 days 00:01:21.163000
SAI,Ferrari,7.0,HARD,6.0,2.0,0 days 00:01:21.466000
SAI,Ferrari,8.0,HARD,7.0,2.0,0 days 00:01:20.272000
SAI,Ferrari,9.0,HARD,8.0,2.0,0 days 00:01:20.525000
SAI,Ferrari,10.0,HARD,9.0,2.0,0 days 00:01:21.259000
SAI,Ferrari,11.0,HARD,10.0,2.0,0 days 00:01:20.246000
SAI,Ferrari,12.0,HARD,11.0,2.0,0 days 00:01:19.974000
SAI,Ferrari,13.0,HARD,12.0,2.0,0 days 00:01:20.017000
SAI,Ferrari,14.0,HARD,13.0,2.0,0 days 00:01:19.480000
SAI,Ferrari,15.0,HARD,14.0,2.0,0 days 00:01:19.543000
SAI,Ferrari,16.0,HARD,15.0,2.0,0 days 00:01:20.579000
SAI,Ferrari,17.0,HARD,16.0,2.0,0 days 00:01:20.076000
SAI,Ferrari,18.0,HARD,17.0,2.0,0 days 00:01:19.177000
SAI,Ferrari,19.0,HARD,18.0,2.0,0 days 00:01:19.445000
SAI,Ferrari,20.0,HARD,19.0,2.0,0 days 00:01:19.403000
SAI,Ferrari,21.0,HARD,20.0,2.0,0 days 00:01:18.917000
SAI,Ferrari,22.0,HARD,21.0,2.0,0 days 00:01:18.889000
SAI,Ferrari,23.0,HARD,22.0,2.0,0 days 00:01:18.993000
SAI,Ferrari,24.0,HARD,23.0,2.0,0 days 00:01:18.568000
SAI,Ferrari,25.0,HARD,24.0,2.0,0 days 00:01:18.537000
SAI,Ferrari,26.0,HARD,25.0,2.0,0 days 00:01:18.088000
SAI,Ferrari,27.0,HARD,26.0,2.0,0 days 00:01:19.490000
SAI,Ferrari,28.0,HARD,27.0,2.0,0 days 00:01:19.281000
SAI,Ferrari,29.0,HARD,28.0,2.0,0 days 00:01:18.697000
SAI,Ferrari,30.0,HARD,29.0,2.0,0 days 00:01:17.326000
SAI,Ferrari,31.0,HARD,30.0,2.0,0 days 00:01:19.784000
SAI,Ferrari,32.0,HARD,31.0,2.0,0 days 00:01:20.136000
SAI,Ferrari,33.0,HARD,32.0,2.0,0 days 00:01:18.778000
SAI,Ferrari,34.0,HARD,33.0,2.0,0 days 00:01:19.013000
SAI,Ferrari,35.0,HARD,34.0,2.0,0 days 00:01:18.465000
SAI,Ferrari,36.0,HARD,35.0,2.0,0 days 00:01:19.275000
SAI,Ferrari,37.0,HARD,36.0,2.0,0 days 00:01:17.577000
SAI,Ferrari,38.0,HARD,37.0,2.0,0 days 00:01:18.412000
SAI,Ferrari,39.0,HARD,38.0,2.0,0 days 00:01:18.310000
SAI,Ferrari,40.0,HARD,39.0,2.0,0 days 00:01:18.653000
SAI,Ferrari,41.0,HARD,40.0,2.0,0 days 00:01:18.714000
SAI,Ferrari,42.0,HARD,41.0,2.0,0 days 00:01:19.171000
SAI,Ferrari,43.0,HARD,42.0,2.0,0 days 00:01:19.594000
SAI,Ferrari,44.0,HARD,43.0,2.0,0 days 00:01:18.762000
SAI,Ferrari,45.0,HARD,44.0,2.0,0 days 00:01:17.885000
SAI,Ferrari,46.0,HARD,45.0,2.0,0 days 00:01:18.731000
SAI,Ferrari,47.0,HARD,46.0,2.0,0 days 00:01:18.141000
SAI,Ferrari,48.0,HARD,47.0,2.0,0 days 00:01:17.894000
SAI,Ferrari,49.0,HARD,48.0,2.0,0 days 00:01:18.259000
SAI,Ferrari,50.0,HARD,49.0,2.0,0 days 00:01:18.545000
SAI,Ferrari,51.0,HARD,50.0,2.0,0 days 00:01:17.528000
SAI,Ferrari,52.0,HARD,51.0,2.0,0 days 00:01:18.094000
SAI,Ferrari,53.0,HARD,52.0,2.0,0 days 00:01:17.759000
SAI,Ferrari,54.0,HARD,53.0,2.0,0 days 00:01:17.742000
SAI,Ferrari,55.0,HARD,54.0,2.0,0 days 00:01:18.661000
SAI,Ferrari,56.0,HARD,55.0,2.0,0 days 00:01:18.119000
SAI,Ferrari,57.0,HARD,56.0,2.0,0 days 00:01:17.599000
SAI,Ferrari,58.0,HARD,57.0,2.0,0 days 00:01:17.501000
SAI,Ferrari,59.0,HARD,58.0,2.0,0 days 00:01:17.134000
SAI,Ferrari,60.0,HARD,59.0,2.0,0 days 00:01:15.159000
SAI,Ferrari,61.0,HARD,60.0,2.0,0 days 00:01:19.046000
SAI,Ferrari,62.0,HARD,61.0,2.0,0 days 00:01:14.726000
SAI,Ferrari,63.0,HARD,62.0,2.0,0 days 00:01:18.207000
SAI,Ferrari,64.0,HARD,63.0,2.0,0 days 00:01:14.813000
SAI,Ferrari,65.0,HARD,64.0,2.0,0 days 00:01:18.137000
SAI,Ferrari,66.0,HARD,65.0,2.0,0 days 00:01:15.409000
SAI,Ferrari,67.0,HARD,66.0,2.0,0 days 00:01:16.847000
SAI,Ferrari,68.0,HARD,67.0,2.0,0 days 00:01:15.595000
SAI,Ferrari,69.0,HARD,68.0,2.0,0 days 00:01:16.218000
SAI,Ferrari,70.0,HARD,69.0,2.0,0 days 00:01:17.117000
SAI,Ferrari,71.0,HARD,70.0,2.0,0 days 00:01:17.214000
SAI,Ferrari,72.0,HARD,71.0,2.0,0 days 00:01:16.785000
SAI,Ferrari,73.0,HARD,72.0,2.0,0 days 00:01:16.417000
SAI,Ferrari,74.0,HARD,73.0,2.0,0 days 00:01:16.063000
SAI,Ferrari,75.0,HARD,74.0,2.0,0 days 00:01:16.905000
SAI,Ferrari,76.0,HARD,75.0,2.0,0 days 00:01:16.328000
SAI,Ferrari,77.0,HARD,76.0,2.0,0 days 00:01:16.701000
SAI,Ferrari,78.0,HARD,77.0,2.0,0 days 00:01:17.072000
NOR,McLaren,1.0,MEDIUM,2.0,1.0,0 days 00:41:08.042000
NOR,McLaren,3.0,HARD,3.0,2.0,0 days 00:01:25.283000
NOR,McLaren,4.0,HARD,4.0,2.0,0 days 00:01:22.782000
NOR,McLaren,5.0,HARD,5.0,2.0,0 days 00:01:22.147000
NOR,McLaren,6.0,HARD,6.0,2.0,0 days 00:01:21.804000
NOR,McLaren,7.0,HARD,7.0,2.0,0 days 00:01:20.828000
NOR,McLaren,8.0,HARD,8.0,2.0,0 days 00:01:20.820000
NOR,McLaren,9.0,HARD,9.0,2.0,0 days 00:01:20.397000
NOR,McLaren,10.0,HARD,10.0,2.0,0 days 00:01:20.972000
NOR,McLaren,11.0,HARD,11.0,2.0,0 days 00:01:20.870000
NOR,McLaren,12.0,HARD,12.0,2.0,0 days 00:01:19.933000
NOR,McLaren,13.0,HARD,13.0,2.0,0 days 00:01:19.820000
NOR,McLaren,14.0,HARD,14.0,2.0,0 days 00:01:19.385000
NOR,McLaren,15.0,HARD,15.0,2.0,0 days 00:01:19.775000
NOR,McLaren,16.0,HARD,16.0,2.0,0 days 00:01:19.637000
NOR,McLaren,17.0,HARD,17.0,2.0,0 days 00:01:20.337000
NOR,McLaren,18.0,HARD,18.0,2.0,0 days 00:01:19.398000
NOR,McLaren,19.0,HARD,19.0,2.0,0 days 00:01:19.280000
NOR,McLaren,20.0,HARD,20.0,2.0,0 days 00:01:19.043000
NOR,McLaren,21.0,HARD,21.0,2.0,0 days 00:01:18.983000
NOR,McLaren,22.0,HARD,22.0,2.0,0 days 00:01:18.981000
NOR,McLaren,23.0,HARD,23.0,2.0,0 days 00:01:19.194000
NOR,McLaren,24.0,HARD,24.0,2.0,0 days 00:01:18.699000
NOR,McLaren,25.0,HARD,25.0,2.0,0 days 00:01:18.640000
NOR,McLaren,26.0,HARD,26.0,2.0,0 days 00:01:18.396000
NOR,McLaren,27.0,HARD,27.0,2.0,0 days 00:01:18.720000
NOR,McLaren,28.0,HARD,28.0,2.0,0 days 00:01:19.238000
NOR,McLaren,29.0,HARD,29.0,2.0,0 days 00:01:18.766000
NOR,McLaren,30.0,HARD,30.0,2.0,0 days 00:01:18.403000
NOR,McLaren,31.0,HARD,31.0,2.0,0 days 00:01:18.780000
NOR,McLaren,32.0,HARD,32.0,2.0,0 days 00:01:19.538000
NOR,McLaren,33.0,HARD,33.0,2.0,0 days 00:01:19.233000
NOR,McLaren,34.0,HARD,34.0,2.0,0 days 00:01:19.243000
NOR,McLaren,35.0,HARD,35.0,2.0,0 days 00:01:18.714000
NOR,McLaren,36.0,HARD,36.0,2.0,0 days 00:01:18.582000
NOR,McLaren,37.0,HARD,37.0,2.0,0 days 00:01:17.958000
NOR,McLaren,38.0,HARD,38.0,2.0,0 days 00:01:17.994000
NOR,McLaren,39.0,HARD,39.0,2.0,0 days 00:01:18.303000
NOR,McLaren,40.0,HARD,40.0,2.0,0 days 00:01:18.824000
NOR,McLaren,41.0,HARD,41.0,2.0,0 days 00:01:18.519000
NOR,McLaren,42.0,HARD,42.0,2.0,0 days 00:01:19.436000
NOR,McLaren,43.0,HARD,43.0,2.0,0 days 00:01:19.796000
NOR,McLaren,44.0,HARD,44.0,2.0,0 days 00:01:18.906000
NOR,McLaren,45.0,HARD,45.0,2.0,0 days 00:01:17.897000
NOR,McLaren,46.0,HARD,46.0,2.0,0 days 00:01:18.215000
NOR,McLaren,47.0,HARD,47.0,2.0,0 days 00:01:18.141000
NOR,McLaren,48.0,HARD,48.0,2.0,0 days 00:01:17.975000
NOR,McLaren,49.0,HARD,49.0,2.0,0 days 00:01:18.177000
NOR,McLaren,50.0,HARD,50.0,2.0,0 days 00:01:18.218000
NOR,McLaren,51.0,HARD,51.0,2.0,0 days 00:01:17.772000
NOR,McLaren,52.0,HARD,52.0,2.0,0 days 00:01:18.223000
NOR,McLaren,53.0,HARD,53.0,2.0,0 days 00:01:17.570000
NOR,McLaren,54.0,HARD,54.0,2.0,0 days 00:01:17.838000
NOR,McLaren,55.0,HARD,55.0,2.0,0 days 00:01:18.382000
NOR,McLaren,56.0,HARD,56.0,2.0,0 days 00:01:18.155000
NOR,McLaren,57.0,HARD,57.0,2.0,0 days 00:01:17.815000
NOR,McLaren,58.0,HARD,58.0,2.0,0 days 00:01:17.395000
NOR,McLaren,59.0,HARD,59.0,2.0,0 days 00:01:17.122000
NOR,McLaren,60.0,HARD,60.0,2.0,0 days 00:01:16.695000
NOR,McLaren,61.0,HARD,61.0,2.0,0 days 00:01:17.614000
NOR,McLaren,62.0,HARD,62.0,2.0,0 days 00:01:16.026000
NOR,McLaren,63.0,HARD,63.0,2.0,0 days 00:01:16.876000
NOR,McLaren,64.0,HARD,64.0,2.0,0 days 00:01:15.742000
NOR,McLaren,65.0,HARD,65.0,2.0,0 days 00:01:17.143000
NOR,McLaren,66.0,HARD,66.0,2.0,0 days 00:01:16.214000
NOR,McLaren,67.0,HARD,67.0,2.0,0 days 00:01:16.115000
NOR,McLaren,68.0,HARD,68.0,2.0,0 days 00:01:16.172000
NOR,McLaren,69.0,HARD,69.0,2.0,0 days 00:01:16.314000
NOR,McLaren,70.0,HARD,70.0,2.0,0 days 00:01:17.213000
NOR,McLaren,71.0,HARD,71.0,2.0,0 days 00:01:16.609000
NOR,McLaren,72.0,HARD,72.0,2.0,0 days 00:01:16.801000
NOR,McLaren,73.0,HARD,73.0,2.0,0 days 00:01:16.285000
NOR,McLaren,74.0,HARD,74.0,2.0,0 days 00:01:16.429000
NOR,McLaren,75.0,HARD,75.0,2.0,0 days 00:01:16.517000
NOR,McLaren,76.0,HARD,76.0,2.0,0 days 00:01:16.671000
NOR,McLaren,77.0,HARD,77.0,2.0,0 days 00:01:16.512000
NOR,McLaren,78.0,HARD,78.0,2.0,0 days 00:01:17.296000
RUS,Mercedes,1.0,HARD,1.0,1.0,0 days 00:41:13.884000
RUS,Mercedes,3.0,MEDIUM,2.0,2.0,0 days 00:01:25.319000
RUS,Mercedes,4.0,MEDIUM,3.0,2.0,0 days 00:01:22.868000
RUS,Mercedes,5.0,MEDIUM,4.0,2.0,0 days 00:01:23.045000
RUS,Mercedes,6.0,MEDIUM,5.0,2.0,0 days 00:01:23.012000
RUS,Mercedes,7.0,MEDIUM,6.0,2.0,0 days 00:01:21.415000
RUS,Mercedes,8.0,MEDIUM,7.0,2.0,0 days 00:01:21.612000
RUS,Mercedes,9.0,MEDIUM,8.0,2.0,0 days 00:01:21.433000
RUS,Mercedes,10.0,MEDIUM,9.0,2.0,0 days 00:01:21.531000
RUS,Mercedes,11.0,MEDIUM,10.0,2.0,0 days 00:01:21.452000
RUS,Mercedes,12.0,MEDIUM,11.0,2.0,0 days 00:01:20.316000
RUS,Mercedes,13.0,MEDIUM,12.0,2.0,0 days 00:01:20.525000
RUS,Mercedes,14.0,MEDIUM,13.0,2.0,0 days 00:01:20.272000
RUS,Mercedes,15.0,MEDIUM,14.0,2.0,0 days 00:01:20.202000
RUS,Mercedes,16.0,MEDIUM,15.0,2.0,0 days 00:01:19.913000
RUS,Mercedes,17.0,MEDIUM,16.0,2.0,0 days 00:01:20.150000
RUS,Mercedes,18.0,MEDIUM,17.0,2.0,0 days 00:01:19.438000
RUS,Mercedes,19.0,MEDIUM,18.0,2.0,0 days 00:01:20.157000
RUS,Mercedes,20.0,MEDIUM,19.0,2.0,0 days 00:01:20.053000
RUS,Mercedes,21.0,MEDIUM,20.0,2.0,0 days 00:01:19.788000
RUS,Mercedes,22.0,MEDIUM,21.0,2.0,0 days 00:01:19.691000
RUS,Mercedes,23.0,MEDIUM,22.0,2.0,0 days 00:01:19.397000
RUS,Mercedes,24.0,MEDIUM,23.0,2.0,0 days 00:01:19.484000
RUS,Mercedes,25.0,MEDIUM,24.0,2.0,0 days 00:01:18.651000
RUS,Mercedes,26.0,MEDIUM,25.0,2.0,0 days 00:01:19.006000
RUS,Mercedes,27.0,MEDIUM,26.0,2.0,0 days 00:01:18.927000
RUS,Mercedes,28.0,MEDIUM,27.0,2.0,0 days 00:01:18.679000
RUS,Mercedes,29.0,MEDIUM,28.0,2.0,0 days 00:01:18.624000
RUS,Mercedes,30.0,MEDIUM,29.0,2.0,0 days 00:01:18.811000
RUS,Mercedes,31.0,MEDIUM,30.0,2.0,0 days 00:01:19.101000
RUS,Mercedes,32.0,MEDIUM,31.0,2.0,0 days 00:01:19.122000
RUS,Mercedes,33.0,MEDIUM,32.0,2.0,0 days 00:01:18.910000
RUS,Mercedes,34.0,MEDIUM,33.0,2.0,0 days 00:01:19.379000
RUS,Mercedes,35.0,MEDIUM,34.0,2.0,0 days 00:01:20.448000
RUS,Mercedes,36.0,MEDIUM,35.0,2.0,0 days 00:01:19.728000
RUS,Mercedes,37.0,MEDIUM,36.0,2.0,0 days 00:01:18.757000
RUS,Mercedes,38.0,MEDIUM,37.0,2.0,0 days 00:01:18.446000
RUS,Mercedes,39.0,MEDIUM,38.0,2.0,0 days 00:01:18.450000
RUS,Mercedes,40.0,MEDIUM,39.0,2.0,0 days 00:01:18.139000
RUS,Mercedes,41.0,MEDIUM,40.0,2.0,0 days 00:01:18.308000
RUS,Mercedes,42.0,MEDIUM,41.0,2.0,0 days 00:01:18.204000
RUS,Mercedes,43.0,MEDIUM,42.0,2.0,0 days 00:01:18.684000
RUS,Mercedes,44.0,MEDIUM,43.0,2.0,0 days 00:01:18.177000
RUS,Mercedes,45.0,MEDIUM,44.0,2.0,0 days 00:01:18.449000
RUS,Mercedes,46.0,MEDIUM,45.0,2.0,0 days 00:01:18.387000
RUS,Mercedes,47.0,MEDIUM,46.0,2.0,0 days 00:01:18.314000
RUS,Mercedes,48.0,MEDIUM,47.0,2.0,0 days 00:01:18.702000
RUS,Mercedes,49.0,MEDIUM,48.0,2.0,0 days 00:01:18.985000
RUS,Mercedes,50.0,MEDIUM,49.0,2.0,0 days 00:01:18.447000
RUS,Mercedes,51.0,MEDIUM,50.0,2.0,0 days 00:01:18.049000
RUS,Mercedes,52.0,MEDIUM,51.0,2.0,0 days 00:01:18.602000
RUS,Mercedes,53.0,MEDIUM,52.0,2.0,0 days 00:01:20.891000
RUS,Mercedes,54.0,MEDIUM,53.0,2.0,0 days 00:01:18.201000
RUS,Mercedes,55.0,MEDIUM,54.0,2.0,0 days 00:01:17.305000
RUS,Mercedes,56.0,MEDIUM,55.0,2.0,0 days 00:01:17.071000
RUS,Mercedes,57.0,MEDIUM,56.0,2.0,0 days 00:01:16.910000
RUS,Mercedes,58.0,MEDIUM,57.0,2.0,0 days 00:01:17.142000
RUS,Mercedes,59.0,MEDIUM,58.0,2.0,0 days 00:01:16.842000
RUS,Mercedes,60.0,MEDIUM,59.0,2.0,0 days 00:01:16.604000
RUS,Mercedes,61.0,MEDIUM,60.0,2.0,0 days 00:01:16.697000
RUS,Mercedes,62.0,MEDIUM,61.0,2.0,0 days 00:01:16.787000
RUS,Mercedes,63.0,MEDIUM,62.0,2.0,0 days 00:01:16.581000
RUS,Mercedes,64.0,MEDIUM,63.0,2.0,0 days 00:01:16.133000
RUS,Mercedes,65.0,MEDIUM,64.0,2.0,0 days 00:01:15.651000
RUS,Mercedes,66.0,MEDIUM,65.0,2.0,0 days 00:01:15.848000
RUS,Mercedes,67.0,MEDIUM,66.0,2.0,0 days 00:01:16.157000
RUS,Mercedes,68.0,MEDIUM,67.0,2.0,0 days 00:01:15.931000
RUS,Mercedes,69.0,MEDIUM,68.0,2.0,0 days 00:01:15.869000
RUS,Mercedes,70.0,MEDIUM,69.0,2.0,0 days 00:01:15.251000
RUS,Mercedes,71.0,MEDIUM,70.0,2.0,0 days 00:01:15.827000
RUS,Mercedes,72.0,MEDIUM,71.0,2.0,0 days 00:01:15.839000
RUS,Mercedes,73.0,MEDIUM,72.0,2.0,0 days 00:01:15.228000
RUS,Mercedes,74.0,MEDIUM,73.0,2.0,0 days 00:01:15.376000
RUS,Mercedes,75.0,MEDIUM,74.0,2.0,0 days 00:01:15.525000
RUS,Mercedes,76.0,MEDIUM,75.0,2.0,0 days 00:01:15.753000
RUS,Mercedes,77.0,MEDIUM,76.0,2.0,0 days 00:01:15.532000
RUS,Mercedes,78.0,MEDIUM,77.0,2.0,0 days 00:01:16.303000
VER,Red Bull Racing,1.0,HARD,1.0,1.0,0 days 00:41:18.944000
VER,Red Bull Racing,3.0,MEDIUM,2.0,2.0,0 days 00:01:25.744000
VER,Red Bull Racing,4.0,MEDIUM,3.0,2.0,0 days 00:01:23.275000
VER,Red Bull Racing,5.0,MEDIUM,4.0,2.0,0 days 00:01:23.400000
VER,Red Bull Racing,6.0,MEDIUM,5.0,2.0,0 days 00:01:23.787000
VER,Red Bull Racing,7.0,MEDIUM,6.0,2.0,0 days 00:01:21.283000
VER,Red Bull Racing,8.0,MEDIUM,7.0,2.0,0 days 00:01:21.657000
VER,Red Bull Racing,9.0,MEDIUM,8.0,2.0,0 days 00:01:21.740000
VER,Red Bull Racing,10.0,MEDIUM,9.0,2.0,0 days 00:01:21.244000
VER,Red Bull Racing,11.0,MEDIUM,10.0,2.0,0 days 00:01:21.492000
VER,Red Bull Racing,12.0,MEDIUM,11.0,2.0,0 days 00:01:20.659000
VER,Red Bull Racing,13.0,MEDIUM,12.0,2.0,0 days 00:01:19.904000
VER,Red Bull Racing,14.0,MEDIUM,13.0,2.0,0 days 00:01:19.723000
VER,Red Bull Racing,15.0,MEDIUM,14.0,2.0,0 days 00:01:20.370000
VER,Red Bull Racing,16.0,MEDIUM,15.0,2.0,0 days 00:01:20.287000
VER,Red Bull Racing,17.0,MEDIUM,16.0,2.0,0 days 00:01:19.898000
VER,Red Bull Racing,18.0,MEDIUM,17.0,2.0,0 days 00:01:19.580000
VER,Red Bull Racing,19.0,MEDIUM,18.0,2.0,0 days 00:01:20.171000
VER,Red Bull Racing,20.0,MEDIUM,19.0,2.0,0 days 00:01:19.886000
VER,Red Bull Racing,21.0,MEDIUM,20.0,2.0,0 days 00:01:20.255000
VER,Red Bull Racing,22.0,MEDIUM,21.0,2.0,0 days 00:01:19.813000
VER,Red Bull Racing,23.0,MEDIUM,22.0,2.0,0 days 00:01:18.979000
VER,Red Bull Racing,24.0,MEDIUM,23.0,2.0,0 days 00:01:19.364000
VER,Red Bull Racing,25.0,MEDIUM,24.0,2.0,0 days 00:01:19.380000
VER,Red Bull Racing,26.0,MEDIUM,25.0,2.0,0 days 00:01:18.818000
VER,Red Bull Racing,27.0,MEDIUM,26.0,2.0,0 days 00:01:18.797000
VER,Red Bull Racing,28.0,MEDIUM,27.0,2.0,0 days 00:01:18.682000
VER,Red Bull Racing,29.0,MEDIUM,28.0,2.0,0 days 00:01:18.795000
VER,Red Bull Racing,30.0,MEDIUM,29.0,2.0,0 days 00:01:18.574000
VER,Red Bull Racing,31.0,MEDIUM,30.0,2.0,0 days 00:01:18.564000
VER,Red Bull Racing,32.0,MEDIUM,31.0,2.0,0 days 00:01:18.983000
VER,Red Bull Racing,33.0,MEDIUM,32.0,2.0,0 days 00:01:19.005000
VER,Red Bull Racing,34.0,MEDIUM,33.0,2.0,0 days 00:01:19.594000
VER,Red Bull Racing,35.0,MEDIUM,34.0,2.0,0 days 00:01:20.207000
VER,Red Bull Racing,36.0,MEDIUM,35.0,2.0,0 days 00:01:19.634000
VER,Red Bull Racing,37.0,MEDIUM,36.0,2.0,0 days 00:01:19.429000
VER,Red Bull Racing,38.0,MEDIUM,37.0,2.0,0 days 00:01:18.844000
VER,Red Bull Racing,39.0,MEDIUM,38.0,2.0,0 days 00:01:18.326000
VER,Red Bull Racing,40.0,MEDIUM,39.0,2.0,0 days 00:01:18.409000
VER,Red Bull Racing,41.0,MEDIUM,40.0,2.0,0 days 00:01:18.083000
VER,Red Bull Racing,42.0,MEDIUM,41.0,2.0,0 days 00:01:18.074000
VER,Red Bull Racing,43.0,MEDIUM,42.0,2.0,0 days 00:01:18.358000
VER,Red Bull Racing,44.0,MEDIUM,43.0,2.0,0 days 00:01:18.405000
VER,Red Bull Racing,45.0,MEDIUM,44.0,2.0,0 days 00:01:18.313000
VER,Red Bull Racing,46.0,MEDIUM,45.0,2.0,0 days 00:01:18.203000
VER,Red Bull Racing,47.0,MEDIUM,46.0,2.0,0 days 00:01:18.537000
VER,Red Bull Racing,48.0,MEDIUM,47.0,2.0,0 days 00:01:18.337000
VER,Red Bull Racing,49.0,MEDIUM,48.0,2.0,0 days 00:01:18.477000
VER,Red Bull Racing,50.0,MEDIUM,49.0,2.0,0 days 00:01:18.880000
VER,Red Bull Racing,51.0,MEDIUM,50.0,2.0,0 days 00:01:18.142000
VER,Red Bull Racing,52.0,MEDIUM,51.0,2.0,0 days 00:01:33.905000
VER,Red Bull Racing,53.0,HARD,2.0,3.0,0 days 00:01:18.724000
VER,Red Bull Racing,54.0,HARD,3.0,3.0,0 days 00:01:15.815000
VER,Red Bull Racing,55.0,HARD,4.0,3.0,0 days 00:01:15.398000
VER,Red Bull Racing,56.0,HARD,5.0,3.0,0 days 00:01:15.466000
VER,Red Bull Racing,57.0,HARD,6.0,3.0,0 days 00:01:16.181000
VER,Red Bull Racing,58.0,HARD,7.0,3.0,0 days 00:01:14.569000
VER,Red Bull Racing,59.0,HARD,8.0,3.0,0 days 00:01:14.748000
VER,Red Bull Racing,60.0,HARD,9.0,3.0,0 days 00:01:15.238000
VER,Red Bull Racing,61.0,HARD,10.0,3.0,0 days 00:01:15.121000
VER,Red Bull Racing,62.0,HARD,11.0,3.0,0 days 00:01:16.561000
VER,Red Bull Racing,63.0,HARD,12.0,3.0,0 days 00:01:16.547000
VER,Red Bull Racing,64.0,HARD,13.0,3.0,0 days 00:01:16.619000
VER,Red Bull Racing,65.0,HARD,14.0,3.0,0 days 00:01:15.468000
VER,Red Bull Racing,66.0,HARD,15.0,3.0,0 days 00:01:16.121000
VER,Red Bull Racing,67.0,HARD,16.0,3.0,0 days 00:01:16.276000
VER,Red Bull Racing,68.0,HARD,17.0,3.0,0 days 00:01:15.954000
VER,Red Bull Racing,69.0,HARD,18.0,3.0,0 days 00:01:15.463000
VER,Red Bull Racing,70.0,HARD,19.0,3.0,0 days 00:01:15.449000
VER,Red Bull Racing,71.0,HARD,20.0,3.0,0 days 00:01:15.659000
VER,Red Bull Racing,72.0,HARD,21.0,3.0,0 days 00:01:15.733000
VER,Red Bull Racing,73.0,HARD,22.0,3.0,0 days 00:01:15.436000
VER,Red Bull Racing,74.0,HARD,23.0,3.0,0 days 00:01:15.380000
VER,Red Bull Racing,75.0,HARD,24.0,3.0,0 days 00:01:15.396000
VER,Red Bull Racing,76.0,HARD,25.0,3.0,0 days 00:01:15.641000
VER,Red Bull Racing,77.0,HARD,26.0,3.0,0 days 00:01:15.543000
VER,Red Bull Racing,78.0,HARD,27.0,3.0,0 days 00:01:16.248000
HAM,Mercedes,1.0,HARD,1.0,1.0,0 days 00:41:23.804000
HAM,Mercedes,3.0,MEDIUM,2.0,2.0,0 days 00:01:27.058000
HAM,Mercedes,4.0,MEDIUM,3.0,2.0,0 days 00:01:23.376000
HAM,Mercedes,5.0,MEDIUM,4.0,2.0,0 days 00:01:23.640000
HAM,Mercedes,6.0,MEDIUM,5.0,2.0,0 days 00:01:23.369000
HAM,Mercedes,7.0,MEDIUM,6.0,2.0,0 days 00:01:21.463000
HAM,Mercedes,8.0,MEDIUM,7.0,2.0,0 days 00:01:21.612000
HAM,Mercedes,9.0,MEDIUM,8.0,2.0,0 days 00:01:21.851000
HAM,Mercedes,10.0,MEDIUM,9.0,2.0,0 days 00:01:21.437000
HAM,Mercedes,11.0,MEDIUM,10.0,2.0,0 days 00:01:21.325000
HAM,Mercedes,12.0,MEDIUM,11.0,2.0,0 days 00:01:21.164000
HAM,Mercedes,13.0,MEDIUM,12.0,2.0,0 days 00:01:20.171000
HAM,Mercedes,14.0,MEDIUM,13.0,2.0,0 days 00:01:20.126000
HAM,Mercedes,15.0,MEDIUM,14.0,2.0,0 days 00:01:19.971000
HAM,Mercedes,16.0,MEDIUM,15.0,2.0,0 days 00:01:20.384000
HAM,Mercedes,17.0,MEDIUM,16.0,2.0,0 days 00:01:19.738000
HAM,Mercedes,18.0,MEDIUM,17.0,2.0,0 days 00:01:20.037000
HAM,Mercedes,19.0,MEDIUM,18.0,2.0,0 days 00:01:19.874000
HAM,Mercedes,20.0,MEDIUM,19.0,2.0,0 days 00:01:20.504000
HAM,Mercedes,21.0,MEDIUM,20.0,2.0,0 days 00:01:19.760000
HAM,Mercedes,22.0,MEDIUM,21.0,2.0,0 days 00:01:20.590000
HAM,Mercedes,23.0,MEDIUM,22.0,2.0,0 days 00:01:19.089000
HAM,Mercedes,24.0,MEDIUM,23.0,2.0,0 days 00:01:18.785000
HAM,Mercedes,25.0,MEDIUM,24.0,2.0,0 days 00:01:19.342000
HAM,Mercedes,26.0,MEDIUM,25.0,2.0,0 days 00:01:19.862000
HAM,Mercedes,27.0,MEDIUM,26.0,2.0,0 days 00:01:18.549000
HAM,Mercedes,28.0,MEDIUM,27.0,2.0,0 days 00:01:18.587000
HAM,Mercedes,29.0,MEDIUM,28.0,2.0,0 days 00:01:18.940000
HAM,Mercedes,30.0,MEDIUM,29.0,2.0,0 days 00:01:18.371000
HAM,Mercedes,31.0,MEDIUM,30.0,2.0,0 days 00:01:18.471000
HAM,Mercedes,32.0,MEDIUM,31.0,2.0,0 days 00:01:18.618000
HAM,Mercedes,33.0,MEDIUM,32.0,2.0,0 days 00:01:18.746000
HAM,Mercedes,34.0,MEDIUM,33.0,2.0,0 days 00:01:18.860000
HAM,Mercedes,35.0,MEDIUM,34.0,2.0,0 days 00:01:19.518000
HAM,Mercedes,36.0,MEDIUM,35.0,2.0,0 days 00:01:20.648000
HAM,Mercedes,37.0,MEDIUM,36.0,2.0,0 days 00:01:18.605000
HAM,Mercedes,38.0,MEDIUM,37.0,2.0,0 days 00:01:20.514000
HAM,Mercedes,39.0,MEDIUM,38.0,2.0,0 days 00:01:18.943000
HAM,Mercedes,40.0,MEDIUM,39.0,2.0,0 days 00:01:18.673000
HAM,Mercedes,41.0,MEDIUM,40.0,2.0,0 days 00:01:18.946000
HAM,Mercedes,42.0,MEDIUM,41.0,2.0,0 days 00:01:17.542000
HAM,Mercedes,43.0,MEDIUM,42.0,2.0,0 days 00:01:17.867000
HAM,Mercedes,44.0,MEDIUM,43.0,2.0,0 days 00:01:18.225000
HAM,Mercedes,45.0,MEDIUM,44.0,2.0,0 days 00:01:18.156000
HAM,Mercedes,46.0,MEDIUM,45.0,2.0,0 days 00:01:18.104000
HAM,Mercedes,47.0,MEDIUM,46.0,2.0,0 days 00:01:18.331000
HAM,Mercedes,48.0,MEDIUM,47.0,2.0,0 days 00:01:17.831000
HAM,Mercedes,49.0,MEDIUM,48.0,2.0,0 days 00:01:17.398000
HAM,Mercedes,50.0,MEDIUM,49.0,2.0,0 days 00:01:18.461000
HAM,Mercedes,51.0,MEDIUM,50.0,2.0,0 days 00:01:35.209000
HAM,Mercedes,52.0,HARD,2.0,3.0,0 days 00:01:19.702000
HAM,Mercedes,53.0,HARD,3.0,3.0,0 days 00:01:16.458000
HAM,Mercedes,54.0,HARD,4.0,3.0,0 days 00:01:16.388000
HAM,Mercedes,55.0,HARD,5.0,3.0,0 days 00:01:16.492000
HAM,Mercedes,56.0,HARD,6.0,3.0,0 days 00:01:14.423000
HAM,Mercedes,57.0,HARD,7.0,3.0,0 days 00:01:17.857000
HAM,Mercedes,58.0,HARD,8.0,3.0,0 days 00:01:16.855000
HAM,Mercedes,59.0,HARD,9.0,3.0,0 days 00:01:14.204000
HAM,Mercedes,60.0,HARD,10.0,3.0,0 days 00:01:15.848000
HAM,Mercedes,61.0,HARD,11.0,3.0,0 days 00:01:15.274000
HAM,Mercedes,62.0,HARD,12.0,3.0,0 days 00:01:15.414000
HAM,Mercedes,63.0,HARD,13.0,3.0,0 days 00:01:14.165000
HAM,Mercedes,64.0,HARD,14.0,3.0,0 days 00:01:16.164000
HAM,Mercedes,65.0,HARD,15.0,3.0,0 days 00:01:15.190000
HAM,Mercedes,66.0,HARD,16.0,3.0,0 days 00:01:15.342000
HAM,Mercedes,67.0,HARD,17.0,3.0,0 days 00:01:16.117000
HAM,Mercedes,68.0,HARD,18.0,3.0,0 days 00:01:15.836000
HAM,Mercedes,69.0,HARD,19.0,3.0,0 days 00:01:15.648000
HAM,Mercedes,70.0,HARD,20.0,3.0,0 days 00:01:15.638000
HAM,Mercedes,71.0,HARD,21.0,3.0,0 days 00:01:15.643000
HAM,Mercedes,72.0,HARD,22.0,3.0,0 days 00:01:15.468000
HAM,Mercedes,73.0,HARD,23.0,3.0,0 days 00:01:15.134000
HAM,Mercedes,74.0,HARD,24.0,3.0,0 days 00:01:15.324000
HAM,Mercedes,75.0,HARD,25.0,3.0,0 days 00:01:15.324000
HAM,Mercedes,76.0,HARD,26.0,3.0,0 days 00:01:15.245000
HAM,Mercedes,77.0,HARD,27.0,3.0,0 days 00:01:15.697000
HAM,Mercedes,78.0,HARD,28.0,3.0,0 days 00:01:16.355000
TSU,RB,1.0,MEDIUM,1.0,1.0,0 days 00:41:28.609000
TSU,RB,2.0,HARD,2.0,2.0,0 days 00:02:28.277000
TSU,RB,3.0,HARD,3.0,2.0,0 days 00:01:27.563000
TSU,RB,4.0,HARD,4.0,2.0,0 days 00:01:23.327000
TSU,RB,5.0,HARD,5.0,2.0,0 days 00:01:23.493000
TSU,RB,6.0,HARD,6.0,2.0,0 days 00:01:23.224000
TSU,RB,7.0,HARD,7.0,2.0,0 days 00:01:21.826000
TSU,RB,8.0,HARD,8.0,2.0,0 days 00:01:21.651000
TSU,RB,9.0,HARD,9.0,2.0,0 days 00:01:21.896000
TSU,RB,10.0,HARD,10.0,2.0,0 days 00:01:21.591000
TSU,RB,11.0,HARD,11.0,2.0,0 days 00:01:21.289000
TSU,RB,12.0,HARD,12.0,2.0,0 days 00:01:21.089000
TSU,RB,13.0,HARD,13.0,2.0,0 days 00:01:20.682000
TSU,RB,14.0,HARD,14.0,2.0,0 days 00:01:21.249000
TSU,RB,15.0,HARD,15.0,2.0,0 days 00:01:20.099000
TSU,RB,16.0,HARD,16.0,2.0,0 days 00:01:20.847000
TSU,RB,17.0,HARD,17.0,2.0,0 days 00:01:20.335000
TSU,RB,18.0,HARD,18.0,2.0,0 days 00:01:20.612000
TSU,RB,19.0,HARD,19.0,2.0,0 days 00:01:20.770000
TSU,RB,20.0,HARD,20.0,2.0,0 days 00:01:19.991000
TSU,RB,21.0,HARD,21.0,2.0,0 days 00:01:20.557000
TSU,RB,22.0,HARD,22.0,2.0,0 days 00:01:20.875000
TSU,RB,23.0,HARD,23.0,2.0,0 days 00:01:20.450000
TSU,RB,24.0,HARD,24.0,2.0,0 days 00:01:20.386000
TSU,RB,25.0,HARD,25.0,2.0,0 days 00:01:20.329000
TSU,RB,26.0,HARD,26.0,2.0,0 days 00:01:20.448000
TSU,RB,27.0,HARD,27.0,2.0,0 days 00:01:20.286000
TSU,RB,28.0,HARD,28.0,2.0,0 days 00:01:20.184000
TSU,RB,29.0,HARD,29.0,2.0,0 days 00:01:19.837000
TSU,RB,30.0,HARD,30.0,2.0,0 days 00:01:20.495000
TSU,RB,31.0,HARD,31.0,2.0,0 days 00:01:20.190000
TSU,RB,32.0,HARD,32.0,2.0,0 days 00:01:21.023000
TSU,RB,33.0,HARD,33.0,2.0,0 days 00:01:20.749000
TSU,RB,34.0,HARD,34.0,2.0,0 days 00:01:19.153000
TSU,RB,35.0,HARD,35.0,2.0,0 days 00:01:18.973000
TSU,RB,36.0,HARD,36.0,2.0,0 days 00:01:19.472000
TSU,RB,37.0,HARD,37.0,2.0,0 days 00:01:20.071000
TSU,RB,38.0,HARD,38.0,2.0,0 days 00:01:20.117000
TSU,RB,39.0,HARD,39.0,2.0,0 days 00:01:19.855000
TSU,RB,40.0,HARD,40.0,2.0,0 days 00:01:19.745000
TSU,RB,41.0,HARD,41.0,2.0,0 days 00:01:20.772000
TSU,RB,42.0,HARD,42.0,2.0,0 days 00:01:20.320000
TSU,RB,43.0,HARD,43.0,2.0,0 days 00:01:20.135000
TSU,RB,44.0,HARD,44.0,2.0,0 days 00:01:20.394000
TSU,RB,45.0,HARD,45.0,2.0,0 days 00:01:20.144000
TSU,RB,46.0,HARD,46.0,2.0,0 days 00:01:20.294000
TSU,RB,47.0,HARD,47.0,2.0,0 days 00:01:20.426000
TSU,RB,48.0,HARD,48.0,2.0,0 days 00:01:20.543000
TSU,RB,49.0,HARD,49.0,2.0,0 days 00:01:20.109000
TSU,RB,50.0,HARD,50.0,2.0,0 days 00:01:19.553000
TSU,RB,51.0,HARD,51.0,2.0,0 days 00:01:18.640000
TSU,RB,52.0,HARD,52.0,2.0,0 days 00:01:20.114000
TSU,RB,53.0,HARD,53.0,2.0,0 days 00:01:19.854000
TSU,RB,54.0,HARD,54.0,2.0,0 days 00:01:25.770000
TSU,RB,55.0,HARD,55.0,2.0,0 days 00:01:19.781000
TSU,RB,56.0,HARD,56.0,2.0,0 days 00:01:18.502000
TSU,RB,57.0,HARD,57.0,2.0,0 days 00:01:18.499000
TSU,RB,58.0,HARD,58.0,2.0,0 days 00:01:18.737000
TSU,RB,59.0,HARD,59.0,2.0,0 days 00:01:18.035000
TSU,RB,60.0,HARD,60.0,2.0,0 days 00:01:19.659000
TSU,RB,61.0,HARD,61.0,2.0,0 days 00:01:20.298000
TSU,RB,62.0,HARD,62.0,2.0,0 days 00:01:19.375000
TSU,RB,63.0,HARD,63.0,2.0,0 days 00:01:23.218000
TSU,RB,64.0,HARD,64.0,2.0,0 days 00:01:17.631000
TSU,RB,65.0,HARD,65.0,2.0,0 days 00:01:17.019000
TSU,RB,66.0,HARD,66.0,2.0,0 days 00:01:18.197000
TSU,RB,67.0,HARD,67.0,2.0,0 days 00:01:18.148000
TSU,RB,68.0,HARD,68.0,2.0,0 days 00:01:18.209000
TSU,RB,69.0,HARD,69.0,2.0,0 days 00:01:20.032000
TSU,RB,70.0,HARD,70.0,2.0,0 days 00:01:19.347000
TSU,RB,71.0,HARD,71.0,2.0,0 days 00:01:18.258000
TSU,RB,72.0,HARD,72.0,2.0,0 days 00:01:17.079000
TSU,RB,73.0,HARD,73.0,2.0,0 days 00:01:15.955000
TSU,RB,74.0,HARD,74.0,2.0,0 days 00:01:15.462000
TSU,RB,75.0,HARD,75.0,2.0,0 days 00:01:14.992000
TSU,RB,76.0,HARD,76.0,2.0,0 days 00:01:15.205000
TSU,RB,77.0,HARD,77.0,2.0,0 days 00:01:14.720000
ALB,Williams,1.0,MEDIUM,1.0,1.0,0 days 00:41:34.817000
ALB,Williams,2.0,HARD,1.0,2.0,0 days 00:02:22.255000
ALB,Williams,3.0,HARD,2.0,2.0,0 days 00:01:27.834000
ALB,Williams,4.0,HARD,3.0,2.0,0 days 00:01:23.286000
ALB,Williams,5.0,HARD,4.0,2.0,0 days 00:01:23.369000
ALB,Williams,6.0,HARD,5.0,2.0,0 days 00:01:23.416000
ALB,Williams,7.0,HARD,6.0,2.0,0 days 00:01:21.913000
ALB,Williams,8.0,HARD,7.0,2.0,0 days 00:01:21.536000
ALB,Williams,9.0,HARD,8.0,2.0,0 days 00:01:22.004000
ALB,Williams,10.0,HARD,9.0,2.0,0 days 00:01:21.562000
ALB,Williams,11.0,HARD,10.0,2.0,0 days 00:01:21.514000
ALB,Williams,12.0,HARD,11.0,2.0,0 days 00:01:20.821000
ALB,Williams,13.0,HARD,12.0,2.0,0 days 00:01:21.420000
ALB,Williams,14.0,HARD,13.0,2.0,0 days 00:01:20.591000
ALB,Williams,15.0,HARD,14.0,2.0,0 days 00:01:20.591000
ALB,Williams,16.0,HARD,15.0,2.0,0 days 00:01:20.793000
ALB,Williams,17.0,HARD,16.0,2.0,0 days 00:01:21.137000
ALB,Williams,18.0,HARD,17.0,2.0,0 days 00:01:20.042000
ALB,Williams,19.0,HARD,18.0,2.0,0 days 00:01:20.245000
ALB,Williams,20.0,HARD,19.0,2.0,0 days 00:01:20.360000
ALB,Williams,21.0,HARD,20.0,2.0,0 days 00:01:20.937000
ALB,Williams,22.0,HARD,21.0,2.0,0 days 00:01:20.542000
ALB,Williams,23.0,HARD,22.0,2.0,0 days 00:01:20.143000
ALB,Williams,24.0,HARD,23.0,2.0,0 days 00:01:20.517000
ALB,Williams,25.0,HARD,24.0,2.0,0 days 00:01:20.323000
ALB,Williams,26.0,HARD,25.0,2.0,0 days 00:01:20.463000
ALB,Williams,27.0,HARD,26.0,2.0,0 days 00:01:20.509000
ALB,Williams,28.0,HARD,27.0,2.0,0 days 00:01:19.510000
ALB,Williams,29.0,HARD,28.0,2.0,0 days 00:01:20.271000
ALB,Williams,30.0,HARD,29.0,2.0,0 days 00:01:21.439000
ALB,Williams,31.0,HARD,30.0,2.0,0 days 00:01:20.941000
ALB,Williams,32.0,HARD,31.0,2.0,0 days 00:01:20.148000
ALB,Williams,33.0,HARD,32.0,2.0,0 days 00:01:19.491000
ALB,Williams,34.0,HARD,33.0,2.0,0 days 00:01:19.134000
ALB,Williams,35.0,HARD,34.0,2.0,0 days 00:01:18.816000
ALB,Williams,36.0,HARD,35.0,2.0,0 days 00:01:21.628000
ALB,Williams,37.0,HARD,36.0,2.0,0 days 00:01:20.775000
ALB,Williams,38.0,HARD,37.0,2.0,0 days 00:01:20.314000
ALB,Williams,39.0,HARD,38.0,2.0,0 days 00:01:20.389000
ALB,Williams,40.0,HARD,39.0,2.0,0 days 00:01:19.812000
ALB,Williams,41.0,HARD,40.0,2.0,0 days 00:01:19.329000
ALB,Williams,42.0,HARD,41.0,2.0,0 days 00:01:20.084000
ALB,Williams,43.0,HARD,42.0,2.0,0 days 00:01:19.496000
ALB,Williams,44.0,HARD,43.0,2.0,0 days 00:01:19.683000
ALB,Williams,45.0,HARD,44.0,2.0,0 days 00:01:21.748000
ALB,Williams,46.0,HARD,45.0,2.0,0 days 00:01:20.594000
ALB,Williams,47.0,HARD,46.0,2.0,0 days 00:01:20.462000
ALB,Williams,48.0,HARD,47.0,2.0,0 days 00:01:19.321000
ALB,Williams,49.0,HARD,48.0,2.0,0 days 00:01:19.378000
ALB,Williams,50.0,HARD,49.0,2.0,0 days 00:01:19.268000
ALB,Williams,51.0,HARD,50.0,2.0,0 days 00:01:18.863000
ALB,Williams,52.0,HARD,51.0,2.0,0 days 00:01:21.554000
ALB,Williams,53.0,HARD,52.0,2.0,0 days 00:01:20.700000
ALB,Williams,54.0,HARD,53.0,2.0,0 days 00:01:23.647000
ALB,Williams,55.0,HARD,54.0,2.0,0 days 00:01:19.085000
ALB,Williams,56.0,HARD,55.0,2.0,0 days 00:01:18.796000
ALB,Williams,57.0,HARD,56.0,2.0,0 days 00:01:18.271000
ALB,Williams,58.0,HARD,57.0,2.0,0 days 00:01:18.690000
ALB,Williams,59.0,HARD,58.0,2.0,0 days 00:01:18.201000
ALB,Williams,60.0,HARD,59.0,2.0,0 days 00:01:19.533000
ALB,Williams,61.0,HARD,60.0,2.0,0 days 00:01:20.222000
ALB,Williams,62.0,HARD,61.0,2.0,0 days 00:01:19.506000
ALB,Williams,63.0,HARD,62.0,2.0,0 days 00:01:23.085000
ALB,Williams,64.0,HARD,63.0,2.0,0 days 00:01:17.911000
ALB,Williams,65.0,HARD,64.0,2.0,0 days 00:01:17.261000
ALB,Williams,66.0,HARD,65.0,2.0,0 days 00:01:18.003000
ALB,Williams,67.0,HARD,66.0,2.0,0 days 00:01:17.874000
ALB,Williams,68.0,HARD,67.0,2.0,0 days 00:01:18.385000
ALB,Williams,69.0,HARD,68.0,2.0,0 days 00:01:19.921000
ALB,Williams,70.0,HARD,69.0,2.0,0 days 00:01:19.370000
ALB,Williams,71.0,HARD,70.0,2.0,0 days 00:01:18.957000
ALB,Williams,72.0,HARD,71.0,2.0,0 days 00:01:18.165000
ALB,Williams,73.0,HARD,72.0,2.0,0 days 00:01:18.432000
ALB,Williams,74.0,HARD,73.0,2.0,0 days 00:01:18.014000
ALB,Williams,75.0,HARD,74.0,2.0,0 days 00:01:17.850000
ALB,Williams,76.0,HARD,75.0,2.0,0 days 00:01:17.279000
ALB,Williams,77.0,HARD,76.0,2.0,0 days 00:01:17.060000
GAS,Alpine,1.0,HARD,1.0,1.0,0 days 00:41:37.695000
GAS,Alpine,2.0,MEDIUM,1.0,2.0,0 days 00:02:19.618000
GAS,Alpine,3.0,MEDIUM,2.0,2.0,0 days 00:01:28.269000
GAS,Alpine,4.0,MEDIUM,3.0,2.0,0 days 00:01:23.269000
GAS,Alpine,5.0,MEDIUM,4.0,2.0,0 days 00:01:23.428000
GAS,Alpine,6.0,MEDIUM,5.0,2.0,0 days 00:01:23.106000
GAS,Alpine,7.0,MEDIUM,6.0,2.0,0 days 00:01:22.233000
GAS,Alpine,8.0,MEDIUM,7.0,2.0,0 days 00:01:21.600000
GAS,Alpine,9.0,MEDIUM,8.0,2.0,0 days 00:01:22.071000
GAS,Alpine,10.0,MEDIUM,9.0,2.0,0 days 00:01:21.394000
GAS,Alpine,11.0,MEDIUM,10.0,2.0,0 days 00:01:21.298000
GAS,Alpine,12.0,MEDIUM,11.0,2.0,0 days 00:01:21.289000
GAS,Alpine,13.0,MEDIUM,12.0,2.0,0 days 00:01:21.530000
GAS,Alpine,14.0,MEDIUM,13.0,2.0,0 days 00:01:19.920000
GAS,Alpine,15.0,MEDIUM,14.0,2.0,0 days 00:01:21.066000
GAS,Alpine,16.0,MEDIUM,15.0,2.0,0 days 00:01:21.054000
GAS,Alpine,17.0,MEDIUM,16.0,2.0,0 days 00:01:21.961000
GAS,Alpine,18.0,MEDIUM,17.0,2.0,0 days 00:01:20.797000
GAS,Alpine,19.0,MEDIUM,18.0,2.0,0 days 00:01:19.904000
GAS,Alpine,20.0,MEDIUM,19.0,2.0,0 days 00:01:20.255000
GAS,Alpine,21.0,MEDIUM,20.0,2.0,0 days 00:01:19.876000
GAS,Alpine,22.0,MEDIUM,21.0,2.0,0 days 00:01:20.554000
GAS,Alpine,23.0,MEDIUM,22.0,2.0,0 days 00:01:21.306000
GAS,Alpine,24.0,MEDIUM,23.0,2.0,0 days 00:01:20.949000
GAS,Alpine,25.0,MEDIUM,24.0,2.0,0 days 00:01:20.372000
GAS,Alpine,26.0,MEDIUM,25.0,2.0,0 days 00:01:20.593000
GAS,Alpine,27.0,MEDIUM,26.0,2.0,0 days 00:01:20.521000
GAS,Alpine,28.0,MEDIUM,27.0,2.0,0 days 00:01:20.229000
GAS,Alpine,29.0,MEDIUM,28.0,2.0,0 days 00:01:19.376000
GAS,Alpine,30.0,MEDIUM,29.0,2.0,0 days 00:01:21.764000
GAS,Alpine,31.0,MEDIUM,30.0,2.0,0 days 00:01:21.427000
GAS,Alpine,32.0,MEDIUM,31.0,2.0,0 days 00:01:21.121000
GAS,Alpine,33.0,MEDIUM,32.0,2.0,0 days 00:01:20.965000
GAS,Alpine,34.0,MEDIUM,33.0,2.0,0 days 00:01:20.751000
GAS,Alpine,35.0,MEDIUM,34.0,2.0,0 days 00:01:19.361000
GAS,Alpine,36.0,MEDIUM,35.0,2.0,0 days 00:01:19.576000
GAS,Alpine,37.0,MEDIUM,36.0,2.0,0 days 00:01:19.975000
GAS,Alpine,38.0,MEDIUM,37.0,2.0,0 days 00:01:19.428000
GAS,Alpine,39.0,MEDIUM,38.0,2.0,0 days 00:01:20.320000
GAS,Alpine,40.0,MEDIUM,39.0,2.0,0 days 00:01:20.384000
GAS,Alpine,41.0,MEDIUM,40.0,2.0,0 days 00:01:20.200000
GAS,Alpine,42.0,MEDIUM,41.0,2.0,0 days 00:01:19.977000
GAS,Alpine,43.0,MEDIUM,42.0,2.0,0 days 00:01:21.048000
GAS,Alpine,44.0,MEDIUM,43.0,2.0,0 days 00:01:20.621000
GAS,Alpine,45.0,MEDIUM,44.0,2.0,0 days 00:01:19.382000
GAS,Alpine,46.0,MEDIUM,45.0,2.0,0 days 00:01:19.970000
GAS,Alpine,47.0,MEDIUM,46.0,2.0,0 days 00:01:19.435000
GAS,Alpine,48.0,MEDIUM,47.0,2.0,0 days 00:01:19.865000
GAS,Alpine,49.0,MEDIUM,48.0,2.0,0 days 00:01:20.534000
GAS,Alpine,50.0,MEDIUM,49.0,2.0,0 days 00:01:21.023000
GAS,Alpine,51.0,MEDIUM,50.0,2.0,0 days 00:01:24.473000
GAS,Alpine,52.0,MEDIUM,51.0,2.0,0 days 00:01:19.743000
GAS,Alpine,53.0,MEDIUM,52.0,2.0,0 days 00:01:19.917000
GAS,Alpine,54.0,MEDIUM,53.0,2.0,0 days 00:01:19.091000
GAS,Alpine,55.0,MEDIUM,54.0,2.0,0 days 00:01:19.407000
GAS,Alpine,56.0,MEDIUM,55.0,2.0,0 days 00:01:19.704000
GAS,Alpine,57.0,MEDIUM,56.0,2.0,0 days 00:01:19.448000
GAS,Alpine,58.0,MEDIUM,57.0,2.0,0 days 00:01:19.097000
GAS,Alpine,59.0,MEDIUM,58.0,2.0,0 days 00:01:21.378000
GAS,Alpine,60.0,MEDIUM,59.0,2.0,0 days 00:01:20.237000
GAS,Alpine,61.0,MEDIUM,60.0,2.0,0 days 00:01:20.407000
GAS,Alpine,62.0,MEDIUM,61.0,2.0,0 days 00:01:18.469000
GAS,Alpine,63.0,MEDIUM,62.0,2.0,0 days 00:01:19.155000
GAS,Alpine,64.0,MEDIUM,63.0,2.0,0 days 00:01:18.868000
GAS,Alpine,65.0,MEDIUM,64.0,2.0,0 days 00:01:19.220000
GAS,Alpine,66.0,MEDIUM,65.0,2.0,0 days 00:01:18.726000
GAS,Alpine,67.0,MEDIUM,66.0,2.0,0 days 00:01:18.624000
GAS,Alpine,68.0,MEDIUM,67.0,2.0,0 days 00:01:18.545000
GAS,Alpine,69.0,MEDIUM,68.0,2.0,0 days 00:01:18.363000
GAS,Alpine,70.0,MEDIUM,69.0,2.0,0 days 00:01:17.799000
GAS,Alpine,71.0,MEDIUM,70.0,2.0,0 days 00:01:18.140000
GAS,Alpine,72.0,MEDIUM,71.0,2.0,0 days 00:01:18.382000
GAS,Alpine,73.0,MEDIUM,72.0,2.0,0 days 00:01:17.992000
GAS,Alpine,74.0,MEDIUM,73.0,2.0,0 days 00:01:16.689000
GAS,Alpine,75.0,MEDIUM,74.0,2.0,0 days 00:01:18.120000
GAS,Alpine,76.0,MEDIUM,75.0,2.0,0 days 00:01:17.516000
GAS,Alpine,77.0,MEDIUM,76.0,2.0,0 days 00:01:15.625000
ALO,Aston Martin,1.0,HARD,2.0,1.0,0 days 00:41:53.184000
ALO,Aston Martin,2.0,MEDIUM,2.0,2.0,0 days 00:02:04.571000
ALO,Aston Martin,3.0,MEDIUM,3.0,2.0,0 days 00:01:29.188000
ALO,Aston Martin,4.0,MEDIUM,4.0,2.0,0 days 00:01:23.736000
ALO,Aston Martin,5.0,MEDIUM,5.0,2.0,0 days 00:01:23.575000
ALO,Aston Martin,6.0,MEDIUM,6.0,2.0,0 days 00:01:22.711000
ALO,Aston Martin,7.0,MEDIUM,7.0,2.0,0 days 00:01:22.866000
ALO,Aston Martin,8.0,MEDIUM,8.0,2.0,0 days 00:01:22.284000
ALO,Aston Martin,9.0,MEDIUM,9.0,2.0,0 days 00:01:21.650000
ALO,Aston Martin,10.0,MEDIUM,10.0,2.0,0 days 00:01:21.864000
ALO,Aston Martin,11.0,MEDIUM,11.0,2.0,0 days 00:01:21.418000
ALO,Aston Martin,12.0,MEDIUM,12.0,2.0,0 days 00:01:21.366000
ALO,Aston Martin,13.0,MEDIUM,13.0,2.0,0 days 00:01:21.428000
ALO,Aston Martin,14.0,MEDIUM,14.0,2.0,0 days 00:01:21.392000
ALO,Aston Martin,15.0,MEDIUM,15.0,2.0,0 days 00:01:21.061000
ALO,Aston Martin,16.0,MEDIUM,16.0,2.0,0 days 00:01:21.318000
ALO,Aston Martin,17.0,MEDIUM,17.0,2.0,0 days 00:01:20.799000
ALO,Aston Martin,18.0,MEDIUM,18.0,2.0,0 days 00:01:21.075000
ALO,Aston Martin,19.0,MEDIUM,19.0,2.0,0 days 00:01:20.605000
ALO,Aston Martin,20.0,MEDIUM,20.0,2.0,0 days 00:01:21.110000
ALO,Aston Martin,21.0,MEDIUM,21.0,2.0,0 days 00:01:20.317000
ALO,Aston Martin,22.0,MEDIUM,22.0,2.0,0 days 00:01:21.037000
ALO,Aston Martin,23.0,MEDIUM,23.0,2.0,0 days 00:01:20.246000
ALO,Aston Martin,24.0,MEDIUM,24.0,2.0,0 days 00:01:21.413000
ALO,Aston Martin,25.0,MEDIUM,25.0,2.0,0 days 00:01:21.091000
ALO,Aston Martin,26.0,MEDIUM,26.0,2.0,0 days 00:01:20.858000
ALO,Aston Martin,27.0,MEDIUM,27.0,2.0,0 days 00:01:21.303000
ALO,Aston Martin,28.0,MEDIUM,28.0,2.0,0 days 00:01:21.544000
ALO,Aston Martin,29.0,MEDIUM,29.0,2.0,0 days 00:01:21.205000
ALO,Aston Martin,30.0,MEDIUM,30.0,2.0,0 days 00:01:21.034000
ALO,Aston Martin,31.0,MEDIUM,31.0,2.0,0 days 00:01:20.642000
ALO,Aston Martin,32.0,MEDIUM,32.0,2.0,0 days 00:01:21.010000
ALO,Aston Martin,33.0,MEDIUM,33.0,2.0,0 days 00:01:20.350000
ALO,Aston Martin,34.0,MEDIUM,34.0,2.0,0 days 00:01:20.877000
ALO,Aston Martin,35.0,MEDIUM,35.0,2.0,0 days 00:01:20.432000
ALO,Aston Martin,36.0,MEDIUM,36.0,2.0,0 days 00:01:21.128000
ALO,Aston Martin,37.0,MEDIUM,37.0,2.0,0 days 00:01:21.512000
ALO,Aston Martin,38.0,MEDIUM,38.0,2.0,0 days 00:01:21.082000
ALO,Aston Martin,39.0,MEDIUM,39.0,2.0,0 days 00:01:21.265000
ALO,Aston Martin,40.0,MEDIUM,40.0,2.0,0 days 00:01:20.755000
ALO,Aston Martin,41.0,MEDIUM,41.0,2.0,0 days 00:01:23.446000
ALO,Aston Martin,42.0,MEDIUM,42.0,2.0,0 days 00:01:23.332000
ALO,Aston Martin,43.0,MEDIUM,43.0,2.0,0 days 00:01:20.286000
ALO,Aston Martin,44.0,MEDIUM,44.0,2.0,0 days 00:01:18.852000
ALO,Aston Martin,45.0,MEDIUM,45.0,2.0,0 days 00:01:19.956000
ALO,Aston Martin,46.0,MEDIUM,46.0,2.0,0 days 00:01:18.928000
ALO,Aston Martin,47.0,MEDIUM,47.0,2.0,0 days 00:01:19.109000
ALO,Aston Martin,48.0,MEDIUM,48.0,2.0,0 days 00:01:20.315000
ALO,Aston Martin,49.0,MEDIUM,49.0,2.0,0 days 00:01:19.837000
ALO,Aston Martin,50.0,MEDIUM,50.0,2.0,0 days 00:01:19.334000
ALO,Aston Martin,51.0,MEDIUM,51.0,2.0,0 days 00:01:20.636000
ALO,Aston Martin,52.0,MEDIUM,52.0,2.0,0 days 00:01:23.377000
ALO,Aston Martin,53.0,MEDIUM,53.0,2.0,0 days 00:01:19.992000
ALO,Aston Martin,54.0,MEDIUM,54.0,2.0,0 days 00:01:19.191000
ALO,Aston Martin,55.0,MEDIUM,55.0,2.0,0 days 00:01:19.411000
ALO,Aston Martin,56.0,MEDIUM,56.0,2.0,0 days 00:01:20.739000
ALO,Aston Martin,57.0,MEDIUM,57.0,2.0,0 days 00:01:20.600000
ALO,Aston Martin,58.0,MEDIUM,58.0,2.0,0 days 00:01:19.229000
ALO,Aston Martin,59.0,MEDIUM,59.0,2.0,0 days 00:01:19.219000
ALO,Aston Martin,60.0,MEDIUM,60.0,2.0,0 days 00:01:19.166000
ALO,Aston Martin,61.0,MEDIUM,61.0,2.0,0 days 00:01:18.752000
ALO,Aston Martin,62.0,MEDIUM,62.0,2.0,0 days 00:01:18.816000
ALO,Aston Martin,63.0,MEDIUM,63.0,2.0,0 days 00:01:18.556000
ALO,Aston Martin,64.0,MEDIUM,64.0,2.0,0 days 00:01:18.736000
ALO,Aston Martin,65.0,MEDIUM,65.0,2.0,0 days 00:01:18.633000
ALO,Aston Martin,66.0,MEDIUM,66.0,2.0,0 days 00:01:18.637000
ALO,Aston Martin,67.0,MEDIUM,67.0,2.0,0 days 00:01:18.126000
ALO,Aston Martin,68.0,MEDIUM,68.0,2.0,0 days 00:01:17.939000
ALO,Aston Martin,69.0,MEDIUM,69.0,2.0,0 days 00:01:18.713000
ALO,Aston Martin,70.0,MEDIUM,70.0,2.0,0 days 00:01:18.473000
ALO,Aston Martin,71.0,MEDIUM,71.0,2.0,0 days 00:01:18.133000
ALO,Aston Martin,72.0,MEDIUM,72.0,2.0,0 days 00:01:18.081000
ALO,Aston Martin,73.0,MEDIUM,73.0,2.0,0 days 00:01:18.504000
ALO,Aston Martin,74.0,MEDIUM,74.0,2.0,0 days 00:01:20.336000
ALO,Aston Martin,75.0,MEDIUM,75.0,2.0,0 days 00:01:18.663000
ALO,Aston Martin,76.0,MEDIUM,76.0,2.0,0 days 00:01:19.053000
RIC,RB,1.0,MEDIUM,1.0,1.0,0 days 00:41:47.607000
RIC,RB,2.0,HARD,2.0,2.0,0 days 00:02:10.108000
RIC,RB,3.0,HARD,3.0,2.0,0 days 00:01:29.656000
RIC,RB,4.0,HARD,4.0,2.0,0 days 00:01:23.524000
RIC,RB,5.0,HARD,5.0,2.0,0 days 00:01:23.744000
RIC,RB,6.0,HARD,6.0,2.0,0 days 00:01:22.748000
RIC,RB,7.0,HARD,7.0,2.0,0 days 00:01:22.747000
RIC,RB,8.0,HARD,8.0,2.0,0 days 00:01:22.433000
RIC,RB,9.0,HARD,9.0,2.0,0 days 00:01:21.528000
RIC,RB,10.0,HARD,10.0,2.0,0 days 00:01:21.976000
RIC,RB,11.0,HARD,11.0,2.0,0 days 00:01:21.530000
RIC,RB,12.0,HARD,12.0,2.0,0 days 00:01:21.277000
RIC,RB,13.0,HARD,13.0,2.0,0 days 00:01:21.416000
RIC,RB,14.0,HARD,14.0,2.0,0 days 00:01:21.391000
RIC,RB,15.0,HARD,15.0,2.0,0 days 00:01:21.177000
RIC,RB,16.0,HARD,16.0,2.0,0 days 00:01:21.125000
RIC,RB,17.0,HARD,17.0,2.0,0 days 00:01:20.862000
RIC,RB,18.0,HARD,18.0,2.0,0 days 00:01:21.108000
RIC,RB,19.0,HARD,19.0,2.0,0 days 00:01:21.310000
RIC,RB,20.0,HARD,20.0,2.0,0 days 00:01:20.942000
RIC,RB,21.0,HARD,21.0,2.0,0 days 00:01:20.817000
RIC,RB,22.0,HARD,22.0,2.0,0 days 00:01:20.849000
RIC,RB,23.0,HARD,23.0,2.0,0 days 00:01:20.662000
RIC,RB,24.0,HARD,24.0,2.0,0 days 00:01:20.348000
RIC,RB,25.0,HARD,25.0,2.0,0 days 00:01:21.029000
RIC,RB,26.0,HARD,26.0,2.0,0 days 00:01:20.691000
RIC,RB,27.0,HARD,27.0,2.0,0 days 00:01:21.365000
RIC,RB,28.0,HARD,28.0,2.0,0 days 00:01:21.566000
RIC,RB,29.0,HARD,29.0,2.0,0 days 00:01:21.265000
RIC,RB,30.0,HARD,30.0,2.0,0 days 00:01:20.900000
RIC,RB,31.0,HARD,31.0,2.0,0 days 00:01:20.703000
RIC,RB,32.0,HARD,32.0,2.0,0 days 00:01:20.940000
RIC,RB,33.0,HARD,33.0,2.0,0 days 00:01:20.395000
RIC,RB,34.0,HARD,34.0,2.0,0 days 00:01:20.840000
RIC,RB,35.0,HARD,35.0,2.0,0 days 00:01:20.540000
RIC,RB,36.0,HARD,36.0,2.0,0 days 00:01:21.126000
RIC,RB,37.0,HARD,37.0,2.0,0 days 00:01:21.358000
RIC,RB,38.0,HARD,38.0,2.0,0 days 00:01:21.099000
RIC,RB,39.0,HARD,39.0,2.0,0 days 00:01:21.255000
RIC,RB,40.0,HARD,40.0,2.0,0 days 00:01:20.870000
RIC,RB,41.0,HARD,41.0,2.0,0 days 00:01:25.218000
RIC,RB,42.0,HARD,42.0,2.0,0 days 00:01:21.527000
RIC,RB,43.0,HARD,43.0,2.0,0 days 00:01:21.053000
RIC,RB,44.0,HARD,44.0,2.0,0 days 00:01:18.003000
RIC,RB,45.0,HARD,45.0,2.0,0 days 00:01:21.761000
RIC,RB,46.0,HARD,46.0,2.0,0 days 00:01:17.172000
RIC,RB,47.0,HARD,47.0,2.0,0 days 00:01:21.071000
RIC,RB,48.0,HARD,48.0,2.0,0 days 00:01:18.282000
RIC,RB,49.0,HARD,49.0,2.0,0 days 00:01:19.837000
RIC,RB,50.0,HARD,50.0,2.0,0 days 00:01:19.796000
RIC,RB,51.0,HARD,51.0,2.0,0 days 00:01:22.683000
RIC,RB,52.0,HARD,52.0,2.0,0 days 00:01:20.696000
RIC,RB,53.0,HARD,53.0,2.0,0 days 00:01:20.079000
RIC,RB,54.0,HARD,54.0,2.0,0 days 00:01:19.176000
RIC,RB,55.0,HARD,55.0,2.0,0 days 00:01:19.457000
RIC,RB,56.0,HARD,56.0,2.0,0 days 00:01:22.007000
RIC,RB,57.0,HARD,57.0,2.0,0 days 00:01:19.672000
RIC,RB,58.0,HARD,58.0,2.0,0 days 00:01:19.119000
RIC,RB,59.0,HARD,59.0,2.0,0 days 00:01:18.936000
RIC,RB,60.0,HARD,60.0,2.0,0 days 00:01:19.230000
RIC,RB,61.0,HARD,61.0,2.0,0 days 00:01:18.771000
RIC,RB,62.0,HARD,62.0,2.0,0 days 00:01:18.977000
RIC,RB,63.0,HARD,63.0,2.0,0 days 00:01:18.805000
RIC,RB,64.0,HARD,64.0,2.0,0 days 00:01:18.637000
RIC,RB,65.0,HARD,65.0,2.0,0 days 00:01:18.730000
RIC,RB,66.0,HARD,66.0,2.0,0 days 00:01:18.248000
RIC,RB,67.0,HARD,67.0,2.0,0 days 00:01:18.219000
RIC,RB,68.0,HARD,68.0,2.0,0 days 00:01:18.116000
RIC,RB,69.0,HARD,69.0,2.0,0 days 00:01:18.386000
RIC,RB,70.0,HARD,70.0,2.0,0 days 00:01:18.706000
RIC,RB,71.0,HARD,71.0,2.0,0 days 00:01:18.108000
RIC,RB,72.0,HARD,72.0,2.0,0 days 00:01:18.068000
RIC,RB,73.0,HARD,73.0,2.0,0 days 00:01:18.512000
RIC,RB,74.0,HARD,74.0,2.0,0 days 00:01:20.358000
RIC,RB,75.0,HARD,75.0,2.0,0 days 00:01:18.645000
RIC,RB,76.0,HARD,76.0,2.0,0 days 00:01:18.930000
BOT,Kick Sauber,1.0,HARD,1.0,1.0,0 days 00:42:01.748000
BOT,Kick Sauber,2.0,MEDIUM,1.0,2.0,0 days 00:01:56.358000
BOT,Kick Sauber,3.0,MEDIUM,2.0,2.0,0 days 00:01:29.743000
BOT,Kick Sauber,4.0,MEDIUM,3.0,2.0,0 days 00:01:23.386000
BOT,Kick Sauber,5.0,MEDIUM,4.0,2.0,0 days 00:01:23.636000
BOT,Kick Sauber,6.0,MEDIUM,5.0,2.0,0 days 00:01:22.868000
BOT,Kick Sauber,7.0,MEDIUM,6.0,2.0,0 days 00:01:22.832000
BOT,Kick Sauber,8.0,MEDIUM,7.0,2.0,0 days 00:01:22.249000
BOT,Kick Sauber,9.0,MEDIUM,8.0,2.0,0 days 00:01:21.715000
BOT,Kick Sauber,10.0,MEDIUM,9.0,2.0,0 days 00:01:21.947000
BOT,Kick Sauber,11.0,MEDIUM,10.0,2.0,0 days 00:01:21.547000
BOT,Kick Sauber,12.0,MEDIUM,11.0,2.0,0 days 00:01:21.328000
BOT,Kick Sauber,13.0,MEDIUM,12.0,2.0,0 days 00:01:21.540000
BOT,Kick Sauber,14.0,MEDIUM,13.0,2.0,0 days 00:01:21.221000
BOT,Kick Sauber,15.0,MEDIUM,14.0,2.0,0 days 00:01:37.899000
BOT,Kick Sauber,16.0,HARD,2.0,3.0,0 days 00:01:20.012000
BOT,Kick Sauber,17.0,HARD,3.0,3.0,0 days 00:01:16.561000
BOT,Kick Sauber,18.0,HARD,4.0,3.0,0 days 00:01:16.567000
BOT,Kick Sauber,19.0,HARD,5.0,3.0,0 days 00:01:17.829000
BOT,Kick Sauber,20.0,HARD,6.0,3.0,0 days 00:01:19.124000
BOT,Kick Sauber,21.0,HARD,7.0,3.0,0 days 00:01:20.462000
BOT,Kick Sauber,22.0,HARD,8.0,3.0,0 days 00:01:21.022000
BOT,Kick Sauber,23.0,HARD,9.0,3.0,0 days 00:01:20.750000
BOT,Kick Sauber,24.0,HARD,10.0,3.0,0 days 00:01:20.564000
BOT,Kick Sauber,25.0,HARD,11.0,3.0,0 days 00:01:20.783000
BOT,Kick Sauber,26.0,HARD,12.0,3.0,0 days 00:01:20.851000
BOT,Kick Sauber,27.0,HARD,13.0,3.0,0 days 00:01:21.370000
BOT,Kick Sauber,28.0,HARD,14.0,3.0,0 days 00:01:21.765000
BOT,Kick Sauber,29.0,HARD,15.0,3.0,0 days 00:01:20.857000
BOT,Kick Sauber,30.0,HARD,16.0,3.0,0 days 00:01:21.470000
BOT,Kick Sauber,31.0,HARD,17.0,3.0,0 days 00:01:20.752000
BOT,Kick Sauber,32.0,HARD,18.0,3.0,0 days 00:01:20.658000
BOT,Kick Sauber,33.0,HARD,19.0,3.0,0 days 00:01:20.525000
BOT,Kick Sauber,34.0,HARD,20.0,3.0,0 days 00:01:20.903000
BOT,Kick Sauber,35.0,HARD,21.0,3.0,0 days 00:01:20.254000
BOT,Kick Sauber,36.0,HARD,22.0,3.0,0 days 00:01:21.196000
BOT,Kick Sauber,37.0,HARD,23.0,3.0,0 days 00:01:21.386000
BOT,Kick Sauber,38.0,HARD,24.0,3.0,0 days 00:01:20.948000
BOT,Kick Sauber,39.0,HARD,25.0,3.0,0 days 00:01:23.172000
BOT,Kick Sauber,40.0,HARD,26.0,3.0,0 days 00:01:23.591000
BOT,Kick Sauber,41.0,HARD,27.0,3.0,0 days 00:01:20.230000
BOT,Kick Sauber,42.0,HARD,28.0,3.0,0 days 00:01:22.109000
BOT,Kick Sauber,43.0,HARD,29.0,3.0,0 days 00:01:20.912000
BOT,Kick Sauber,44.0,HARD,30.0,3.0,0 days 00:01:19.772000
BOT,Kick Sauber,45.0,HARD,31.0,3.0,0 days 00:01:20.043000
BOT,Kick Sauber,46.0,HARD,32.0,3.0,0 days 00:01:20.417000
BOT,Kick Sauber,47.0,HARD,33.0,3.0,0 days 00:01:22.969000
BOT,Kick Sauber,48.0,HARD,34.0,3.0,0 days 00:01:20.562000
BOT,Kick Sauber,49.0,HARD,35.0,3.0,0 days 00:01:20.818000
BOT,Kick Sauber,50.0,HARD,36.0,3.0,0 days 00:01:20.239000
BOT,Kick Sauber,51.0,HARD,37.0,3.0,0 days 00:01:17.205000
BOT,Kick Sauber,52.0,HARD,38.0,3.0,0 days 00:01:17.202000
BOT,Kick Sauber,53.0,HARD,39.0,3.0,0 days 00:01:18.456000
BOT,Kick Sauber,54.0,HARD,40.0,3.0,0 days 00:01:19.403000
BOT,Kick Sauber,55.0,HARD,41.0,3.0,0 days 00:01:20.375000
BOT,Kick Sauber,56.0,HARD,42.0,3.0,0 days 00:01:21.657000
BOT,Kick Sauber,57.0,HARD,43.0,3.0,0 days 00:01:18.994000
BOT,Kick Sauber,58.0,HARD,44.0,3.0,0 days 00:01:19.280000
BOT,Kick Sauber,59.0,HARD,45.0,3.0,0 days 00:01:18.999000
BOT,Kick Sauber,60.0,HARD,46.0,3.0,0 days 00:01:19.069000
BOT,Kick Sauber,61.0,HARD,47.0,3.0,0 days 00:01:18.623000
BOT,Kick Sauber,62.0,HARD,48.0,3.0,0 days 00:01:18.964000
BOT,Kick Sauber,63.0,HARD,49.0,3.0,0 days 00:01:19.024000
BOT,Kick Sauber,64.0,HARD,50.0,3.0,0 days 00:01:18.531000
BOT,Kick Sauber,65.0,HARD,51.0,3.0,0 days 00:01:18.642000
BOT,Kick Sauber,66.0,HARD,52.0,3.0,0 days 00:01:18.383000
BOT,Kick Sauber,67.0,HARD,53.0,3.0,0 days 00:01:18.467000
BOT,Kick Sauber,68.0,HARD,54.0,3.0,0 days 00:01:18.052000
BOT,Kick Sauber,69.0,HARD,55.0,3.0,0 days 00:01:18.088000
BOT,Kick Sauber,70.0,HARD,56.0,3.0,0 days 00:01:18.778000
BOT,Kick Sauber,71.0,HARD,57.0,3.0,0 days 00:01:18.104000
BOT,Kick Sauber,72.0,HARD,58.0,3.0,0 days 00:01:18.347000
BOT,Kick Sauber,73.0,HARD,59.0,3.0,0 days 00:01:20.068000
BOT,Kick Sauber,74.0,HARD,60.0,3.0,0 days 00:01:18.318000
BOT,Kick Sauber,75.0,HARD,61.0,3.0,0 days 00:01:18.779000
BOT,Kick Sauber,76.0,HARD,62.0,3.0,0 days 00:01:18.774000
STR,Aston Martin,1.0,HARD,2.0,1.0,0 days 00:41:42.648000
STR,Aston Martin,2.0,MEDIUM,2.0,2.0,0 days 00:02:14.844000
STR,Aston Martin,3.0,MEDIUM,3.0,2.0,0 days 00:01:28.303000
STR,Aston Martin,4.0,MEDIUM,4.0,2.0,0 days 00:01:23.354000
STR,Aston Martin,5.0,MEDIUM,5.0,2.0,0 days 00:01:23.731000
STR,Aston Martin,6.0,MEDIUM,6.0,2.0,0 days 00:01:22.977000
STR,Aston Martin,7.0,MEDIUM,7.0,2.0,0 days 00:01:22.634000
STR,Aston Martin,8.0,MEDIUM,8.0,2.0,0 days 00:01:21.653000
STR,Aston Martin,9.0,MEDIUM,9.0,2.0,0 days 00:01:22.090000
STR,Aston Martin,10.0,MEDIUM,10.0,2.0,0 days 00:01:21.725000
STR,Aston Martin,11.0,MEDIUM,11.0,2.0,0 days 00:01:21.517000
STR,Aston Martin,12.0,MEDIUM,12.0,2.0,0 days 00:01:21.471000
STR,Aston Martin,13.0,MEDIUM,13.0,2.0,0 days 00:01:21.314000
STR,Aston Martin,14.0,MEDIUM,14.0,2.0,0 days 00:01:20.427000
STR,Aston Martin,15.0,MEDIUM,15.0,2.0,0 days 00:01:20.781000
STR,Aston Martin,16.0,MEDIUM,16.0,2.0,0 days 00:01:21.189000
STR,Aston Martin,17.0,MEDIUM,17.0,2.0,0 days 00:01:21.970000
STR,Aston Martin,18.0,MEDIUM,18.0,2.0,0 days 00:01:20.698000
STR,Aston Martin,19.0,MEDIUM,19.0,2.0,0 days 00:01:20.353000
STR,Aston Martin,20.0,MEDIUM,20.0,2.0,0 days 00:01:19.398000
STR,Aston Martin,21.0,MEDIUM,21.0,2.0,0 days 00:01:19.016000
STR,Aston Martin,22.0,MEDIUM,22.0,2.0,0 days 00:01:21.307000
STR,Aston Martin,23.0,MEDIUM,23.0,2.0,0 days 00:01:21.188000
STR,Aston Martin,24.0,MEDIUM,24.0,2.0,0 days 00:01:21.621000
STR,Aston Martin,25.0,MEDIUM,25.0,2.0,0 days 00:01:20.506000
STR,Aston Martin,26.0,MEDIUM,26.0,2.0,0 days 00:01:20.589000
STR,Aston Martin,27.0,MEDIUM,27.0,2.0,0 days 00:01:20.307000
STR,Aston Martin,28.0,MEDIUM,28.0,2.0,0 days 00:01:20.131000
STR,Aston Martin,29.0,MEDIUM,29.0,2.0,0 days 00:01:19.464000
STR,Aston Martin,30.0,MEDIUM,30.0,2.0,0 days 00:01:21.422000
STR,Aston Martin,31.0,MEDIUM,31.0,2.0,0 days 00:01:22.535000
STR,Aston Martin,32.0,MEDIUM,32.0,2.0,0 days 00:01:21.252000
STR,Aston Martin,33.0,MEDIUM,33.0,2.0,0 days 00:01:20.536000
STR,Aston Martin,34.0,MEDIUM,34.0,2.0,0 days 00:01:19.789000
STR,Aston Martin,35.0,MEDIUM,35.0,2.0,0 days 00:01:19.497000
STR,Aston Martin,36.0,MEDIUM,36.0,2.0,0 days 00:01:19.297000
STR,Aston Martin,37.0,MEDIUM,37.0,2.0,0 days 00:01:19.638000
STR,Aston Martin,38.0,MEDIUM,38.0,2.0,0 days 00:01:19.706000
STR,Aston Martin,39.0,MEDIUM,39.0,2.0,0 days 00:01:19.867000
STR,Aston Martin,40.0,MEDIUM,40.0,2.0,0 days 00:01:20.450000
STR,Aston Martin,41.0,MEDIUM,41.0,2.0,0 days 00:01:20.200000
STR,Aston Martin,42.0,MEDIUM,42.0,2.0,0 days 00:01:37.062000
STR,Aston Martin,43.0,HARD,3.0,3.0,0 days 00:01:22.775000
STR,Aston Martin,44.0,HARD,4.0,3.0,0 days 00:01:18.551000
STR,Aston Martin,45.0,HARD,5.0,3.0,0 days 00:01:18.806000
STR,Aston Martin,46.0,HARD,6.0,3.0,0 days 00:01:18.296000
STR,Aston Martin,47.0,HARD,7.0,3.0,0 days 00:01:18.062000
STR,Aston Martin,48.0,HARD,8.0,3.0,0 days 00:01:49.132000
STR,Aston Martin,49.0,SOFT,1.0,4.0,0 days 00:01:19.089000
STR,Aston Martin,50.0,SOFT,2.0,4.0,0 days 00:01:17.788000
STR,Aston Martin,51.0,SOFT,3.0,4.0,0 days 00:01:16.982000
STR,Aston Martin,52.0,SOFT,4.0,4.0,0 days 00:01:17.350000
STR,Aston Martin,53.0,SOFT,5.0,4.0,0 days 00:01:21.547000
STR,Aston Martin,54.0,SOFT,6.0,4.0,0 days 00:01:20.571000
STR,Aston Martin,55.0,SOFT,7.0,4.0,0 days 00:01:19.963000
STR,Aston Martin,56.0,SOFT,8.0,4.0,0 days 00:01:17.279000
STR,Aston Martin,57.0,SOFT,9.0,4.0,0 days 00:01:16.914000
STR,Aston Martin,58.0,SOFT,10.0,4.0,0 days 00:01:17.156000
STR,Aston Martin,59.0,SOFT,11.0,4.0,0 days 00:01:16.710000
STR,Aston Martin,60.0,SOFT,12.0,4.0,0 days 00:01:17.326000
STR,Aston Martin,61.0,SOFT,13.0,4.0,0 days 00:01:18.298000
STR,Aston Martin,62.0,SOFT,14.0,4.0,0 days 00:01:19.070000
STR,Aston Martin,63.0,SOFT,15.0,4.0,0 days 00:01:19.100000
STR,Aston Martin,64.0,SOFT,16.0,4.0,0 days 00:01:18.425000
STR,Aston Martin,65.0,SOFT,17.0,4.0,0 days 00:01:18.732000
STR,Aston Martin,66.0,SOFT,18.0,4.0,0 days 00:01:18.748000
STR,Aston Martin,67.0,SOFT,19.0,4.0,0 days 00:01:18.636000
STR,Aston Martin,68.0,SOFT,20.0,4.0,0 days 00:01:18.057000
STR,Aston Martin,69.0,SOFT,21.0,4.0,0 days 00:01:18.275000
STR,Aston Martin,70.0,SOFT,22.0,4.0,0 days 00:01:18.557000
STR,Aston Martin,71.0,SOFT,23.0,4.0,0 days 00:01:18.464000
STR,Aston Martin,72.0,SOFT,24.0,4.0,0 days 00:01:18.332000
STR,Aston Martin,73.0,SOFT,25.0,4.0,0 days 00:01:20.709000
STR,Aston Martin,74.0,SOFT,26.0,4.0,0 days 00:01:18.230000
STR,Aston Martin,75.0,SOFT,27.0,4.0,0 days 00:01:18.511000
STR,Aston Martin,76.0,SOFT,28.0,4.0,0 days 00:01:18.623000
SAR,Williams,1.0,HARD,1.0,1.0,0 days 00:41:56.858000
SAR,Williams,2.0,HARD,2.0,2.0,0 days 00:02:01.235000
SAR,Williams,3.0,HARD,3.0,2.0,0 days 00:01:30.077000
SAR,Williams,4.0,HARD,4.0,2.0,0 days 00:01:23.682000
SAR,Williams,5.0,HARD,5.0,2.0,0 days 00:01:23.674000
SAR,Williams,6.0,HARD,6.0,2.0,0 days 00:01:22.739000
SAR,Williams,7.0,HARD,7.0,2.0,0 days 00:01:22.899000
SAR,Williams,8.0,HARD,8.0,2.0,0 days 00:01:22.221000
SAR,Williams,9.0,HARD,9.0,2.0,0 days 00:01:21.679000
SAR,Williams,10.0,HARD,10.0,2.0,0 days 00:01:21.944000
SAR,Williams,11.0,HARD,11.0,2.0,0 days 00:01:21.492000
SAR,Williams,12.0,HARD,12.0,2.0,0 days 00:01:21.404000
SAR,Williams,13.0,HARD,13.0,2.0,0 days 00:01:21.499000
SAR,Williams,14.0,HARD,14.0,2.0,0 days 00:01:21.219000
SAR,Williams,15.0,HARD,15.0,2.0,0 days 00:01:21.340000
SAR,Williams,16.0,HARD,16.0,2.0,0 days 00:01:20.646000
SAR,Williams,17.0,HARD,17.0,2.0,0 days 00:01:21.016000
SAR,Williams,18.0,HARD,18.0,2.0,0 days 00:01:21.031000
SAR,Williams,19.0,HARD,19.0,2.0,0 days 00:01:21.221000
SAR,Williams,20.0,HARD,20.0,2.0,0 days 00:01:20.853000
SAR,Williams,21.0,HARD,21.0,2.0,0 days 00:01:20.849000
SAR,Williams,22.0,HARD,22.0,2.0,0 days 00:01:20.897000
SAR,Williams,23.0,HARD,23.0,2.0,0 days 00:01:20.593000
SAR,Williams,24.0,HARD,24.0,2.0,0 days 00:01:20.395000
SAR,Williams,25.0,HARD,25.0,2.0,0 days 00:01:20.903000
SAR,Williams,26.0,HARD,26.0,2.0,0 days 00:01:20.929000
SAR,Williams,27.0,HARD,27.0,2.0,0 days 00:01:21.231000
SAR,Williams,28.0,HARD,28.0,2.0,0 days 00:01:21.604000
SAR,Williams,29.0,HARD,29.0,2.0,0 days 00:01:21.334000
SAR,Williams,30.0,HARD,30.0,2.0,0 days 00:01:20.840000
SAR,Williams,31.0,HARD,31.0,2.0,0 days 00:01:20.775000
SAR,Williams,32.0,HARD,32.0,2.0,0 days 00:01:20.797000
SAR,Williams,33.0,HARD,33.0,2.0,0 days 00:01:20.530000
SAR,Williams,34.0,HARD,34.0,2.0,0 days 00:01:20.738000
SAR,Williams,35.0,HARD,35.0,2.0,0 days 00:01:20.584000
SAR,Williams,36.0,HARD,36.0,2.0,0 days 00:01:21.134000
SAR,Williams,37.0,HARD,37.0,2.0,0 days 00:01:21.404000
SAR,Williams,38.0,HARD,38.0,2.0,0 days 00:01:21.131000
SAR,Williams,39.0,HARD,39.0,2.0,0 days 00:01:21.273000
SAR,Williams,40.0,HARD,40.0,2.0,0 days 00:01:21.780000
SAR,Williams,41.0,HARD,41.0,2.0,0 days 00:01:24.378000
SAR,Williams,42.0,HARD,42.0,2.0,0 days 00:01:21.870000
SAR,Williams,43.0,HARD,43.0,2.0,0 days 00:01:20.552000
SAR,Williams,44.0,HARD,44.0,2.0,0 days 00:01:19.511000
SAR,Williams,45.0,HARD,45.0,2.0,0 days 00:01:20.720000
SAR,Williams,46.0,HARD,46.0,2.0,0 days 00:01:20.124000
SAR,Williams,47.0,HARD,47.0,2.0,0 days 00:01:19.888000
SAR,Williams,48.0,HARD,48.0,2.0,0 days 00:01:20.970000
SAR,Williams,49.0,HARD,49.0,2.0,0 days 00:01:23.966000
SAR,Williams,50.0,HARD,50.0,2.0,0 days 00:01:20.292000
SAR,Williams,51.0,HARD,51.0,2.0,0 days 00:01:21.817000
SAR,Williams,52.0,HARD,52.0,2.0,0 days 00:01:20.780000
SAR,Williams,53.0,HARD,53.0,2.0,0 days 00:01:21.318000
SAR,Williams,54.0,HARD,54.0,2.0,0 days 00:01:22.289000
SAR,Williams,55.0,HARD,55.0,2.0,0 days 00:01:20.342000
SAR,Williams,56.0,HARD,56.0,2.0,0 days 00:01:21.474000
SAR,Williams,57.0,HARD,57.0,2.0,0 days 00:01:37.746000
SAR,Williams,58.0,MEDIUM,1.0,3.0,0 days 00:01:19.809000
SAR,Williams,59.0,MEDIUM,2.0,3.0,0 days 00:01:15.594000
SAR,Williams,60.0,MEDIUM,3.0,3.0,0 days 00:01:15.580000
SAR,Williams,61.0,MEDIUM,4.0,3.0,0 days 00:01:15.558000
SAR,Williams,62.0,MEDIUM,5.0,3.0,0 days 00:01:15.525000
SAR,Williams,63.0,MEDIUM,6.0,3.0,0 days 00:01:15.688000
SAR,Williams,64.0,MEDIUM,7.0,3.0,0 days 00:01:16.895000
SAR,Williams,65.0,MEDIUM,8.0,3.0,0 days 00:01:19.869000
SAR,Williams,66.0,MEDIUM,9.0,3.0,0 days 00:01:20.799000
SAR,Williams,67.0,MEDIUM,10.0,3.0,0 days 00:01:20.347000
SAR,Williams,68.0,MEDIUM,11.0,3.0,0 days 00:01:20.004000
SAR,Williams,69.0,MEDIUM,12.0,3.0,0 days 00:01:16.077000
SAR,Williams,70.0,MEDIUM,13.0,3.0,0 days 00:01:16.866000
SAR,Williams,71.0,MEDIUM,14.0,3.0,0 days 00:01:16.326000
SAR,Williams,72.0,MEDIUM,15.0,3.0,0 days 00:01:16.402000
SAR,Williams,73.0,MEDIUM,16.0,3.0,0 days 00:01:16.370000
SAR,Williams,74.0,MEDIUM,17.0,3.0,0 days 00:01:16.863000
SAR,Williams,75.0,MEDIUM,18.0,3.0,0 days 00:01:16.324000
SAR,Williams,76.0,MEDIUM,19.0,3.0,0 days 00:01:17.197000
ZHO,Kick Sauber,1.0,MEDIUM,1.0,1.0,0 days 00:42:06.253000
ZHO,Kick Sauber,2.0,HARD,1.0,2.0,0 days 00:01:52.131000
ZHO,Kick Sauber,3.0,HARD,2.0,2.0,0 days 00:01:30.396000
ZHO,Kick Sauber,4.0,HARD,3.0,2.0,0 days 00:01:23.698000
ZHO,Kick Sauber,5.0,HARD,4.0,2.0,0 days 00:01:23.494000
ZHO,Kick Sauber,6.0,HARD,5.0,2.0,0 days 00:01:22.649000
ZHO,Kick Sauber,7.0,HARD,6.0,2.0,0 days 00:01:22.934000
ZHO,Kick Sauber,8.0,HARD,7.0,2.0,0 days 00:01:22.182000
ZHO,Kick Sauber,9.0,HARD,8.0,2.0,0 days 00:01:21.810000
ZHO,Kick Sauber,10.0,HARD,9.0,2.0,0 days 00:01:21.944000
ZHO,Kick Sauber,11.0,HARD,10.0,2.0,0 days 00:01:21.563000
ZHO,Kick Sauber,12.0,HARD,11.0,2.0,0 days 00:01:21.193000
ZHO,Kick Sauber,13.0,HARD,12.0,2.0,0 days 00:01:21.529000
ZHO,Kick Sauber,14.0,HARD,13.0,2.0,0 days 00:01:21.264000
ZHO,Kick Sauber,15.0,HARD,14.0,2.0,0 days 00:01:21.447000
ZHO,Kick Sauber,16.0,HARD,15.0,2.0,0 days 00:01:20.481000
ZHO,Kick Sauber,17.0,HARD,16.0,2.0,0 days 00:01:20.979000
ZHO,Kick Sauber,18.0,HARD,17.0,2.0,0 days 00:01:20.911000
ZHO,Kick Sauber,19.0,HARD,18.0,2.0,0 days 00:01:21.420000
ZHO,Kick Sauber,20.0,HARD,19.0,2.0,0 days 00:01:20.904000
ZHO,Kick Sauber,21.0,HARD,20.0,2.0,0 days 00:01:20.669000
ZHO,Kick Sauber,22.0,HARD,21.0,2.0,0 days 00:01:21.083000
ZHO,Kick Sauber,23.0,HARD,22.0,2.0,0 days 00:01:20.792000
ZHO,Kick Sauber,24.0,HARD,23.0,2.0,0 days 00:01:20.347000
ZHO,Kick Sauber,25.0,HARD,24.0,2.0,0 days 00:01:20.763000
ZHO,Kick Sauber,26.0,HARD,25.0,2.0,0 days 00:01:20.869000
ZHO,Kick Sauber,27.0,HARD,26.0,2.0,0 days 00:01:21.293000
ZHO,Kick Sauber,28.0,HARD,27.0,2.0,0 days 00:01:21.516000
ZHO,Kick Sauber,29.0,HARD,28.0,2.0,0 days 00:01:21.338000
ZHO,Kick Sauber,30.0,HARD,29.0,2.0,0 days 00:01:21.044000
ZHO,Kick Sauber,31.0,HARD,30.0,2.0,0 days 00:01:20.806000
ZHO,Kick Sauber,32.0,HARD,31.0,2.0,0 days 00:01:20.782000
ZHO,Kick Sauber,33.0,HARD,32.0,2.0,0 days 00:01:20.677000
ZHO,Kick Sauber,34.0,HARD,33.0,2.0,0 days 00:01:20.736000
ZHO,Kick Sauber,35.0,HARD,34.0,2.0,0 days 00:01:20.372000
ZHO,Kick Sauber,36.0,HARD,35.0,2.0,0 days 00:01:20.986000
ZHO,Kick Sauber,37.0,HARD,36.0,2.0,0 days 00:01:21.449000
ZHO,Kick Sauber,38.0,HARD,37.0,2.0,0 days 00:01:21.090000
ZHO,Kick Sauber,39.0,HARD,38.0,2.0,0 days 00:01:21.233000
ZHO,Kick Sauber,40.0,HARD,39.0,2.0,0 days 00:01:24.969000
ZHO,Kick Sauber,41.0,HARD,40.0,2.0,0 days 00:01:21.127000
ZHO,Kick Sauber,42.0,HARD,41.0,2.0,0 days 00:01:21.957000
ZHO,Kick Sauber,43.0,HARD,42.0,2.0,0 days 00:01:20.578000
ZHO,Kick Sauber,44.0,HARD,43.0,2.0,0 days 00:01:19.610000
ZHO,Kick Sauber,45.0,HARD,44.0,2.0,0 days 00:01:20.686000
ZHO,Kick Sauber,46.0,HARD,45.0,2.0,0 days 00:01:20.146000
ZHO,Kick Sauber,47.0,HARD,46.0,2.0,0 days 00:01:20.075000
ZHO,Kick Sauber,48.0,HARD,47.0,2.0,0 days 00:01:22.481000
ZHO,Kick Sauber,49.0,HARD,48.0,2.0,0 days 00:01:22.134000
ZHO,Kick Sauber,50.0,HARD,49.0,2.0,0 days 00:01:20.946000
ZHO,Kick Sauber,51.0,HARD,50.0,2.0,0 days 00:01:20.962000
ZHO,Kick Sauber,52.0,HARD,51.0,2.0,0 days 00:01:20.970000
ZHO,Kick Sauber,53.0,HARD,52.0,2.0,0 days 00:01:21.375000
ZHO,Kick Sauber,54.0,HARD,53.0,2.0,0 days 00:01:22.153000
ZHO,Kick Sauber,55.0,HARD,54.0,2.0,0 days 00:01:21.399000
ZHO,Kick Sauber,56.0,HARD,55.0,2.0,0 days 00:01:20.315000
ZHO,Kick Sauber,57.0,HARD,56.0,2.0,0 days 00:01:21.119000
ZHO,Kick Sauber,58.0,HARD,57.0,2.0,0 days 00:01:18.795000
ZHO,Kick Sauber,59.0,HARD,58.0,2.0,0 days 00:01:17.936000
ZHO,Kick Sauber,60.0,HARD,59.0,2.0,0 days 00:01:18.545000
ZHO,Kick Sauber,61.0,HARD,60.0,2.0,0 days 00:01:18.707000
ZHO,Kick Sauber,62.0,HARD,61.0,2.0,0 days 00:01:18.817000
ZHO,Kick Sauber,63.0,HARD,62.0,2.0,0 days 00:01:18.789000
ZHO,Kick Sauber,64.0,HARD,63.0,2.0,0 days 00:01:19.295000
ZHO,Kick Sauber,65.0,HARD,64.0,2.0,0 days 00:01:19.719000
ZHO,Kick Sauber,66.0,HARD,65.0,2.0,0 days 00:01:19.749000
ZHO,Kick Sauber,67.0,HARD,66.0,2.0,0 days 00:01:20.357000
ZHO,Kick Sauber,68.0,HARD,67.0,2.0,0 days 00:01:25.217000
ZHO,Kick Sauber,69.0,HARD,68.0,2.0,0 days 00:01:20.484000
ZHO,Kick Sauber,70.0,HARD,69.0,2.0,0 days 00:01:40.898000
ZHO,Kick Sauber,71.0,SOFT,1.0,3.0,0 days 00:01:25.295000
ZHO,Kick Sauber,72.0,SOFT,2.0,3.0,0 days 00:01:20.585000
ZHO,Kick Sauber,73.0,SOFT,3.0,3.0,0 days 00:01:15.233000
ZHO,Kick Sauber,74.0,SOFT,4.0,3.0,0 days 00:01:20.473000
ZHO,Kick Sauber,75.0,SOFT,5.0,3.0,0 days 00:01:14.718000
ZHO,Kick Sauber,76.0,SOFT,6.0,3.0,0 days 00:01:17.173000
